"","서울","부산","대구","인천","광주","대전","울산","수원","청주","전주","제주"
"1",1738.33333333333,1937.5,1627.5,1280,1610,1335,1980,2050,1890,1380,1980
"2",1738.33333333333,1937.5,1627.5,1280,1610,1560,1980,2050,1890,1380,1980
"3",1738.33333333333,1937.5,1627.5,1280,1610,1560,1980,2050,2010,1380,1980
"4",1538.33333333333,1692.5,1442.5,1380,1390,1310,1000,2050,2010,1380,1980
"5",1538.33333333333,1692.5,1492.5,1380,1390,1310,1000,2050,2010,1380,2140
"6",1543.33333333333,1692.5,1492.5,1380,1390,1310,1000,2110,2340,1380,2140
"7",1543.33333333333,1692.5,1492.5,1380,1390,1310,1000,1580,2340,1380,2140
"8",1543.33333333333,1692.5,1492.5,1380,1390,1310,1000,1580,2340,1380,2140
"9",1676.66666666667,2080,1760,1380,1635,1660,2380,1580,2340,1380,2140
"10",1676.66666666667,2080,1860,1380,1735,1635,1380,1580,2340,1380,2320
"11",1676.66666666667,2105,1860,1380,1735,1635,1380,1580,2370,1380,2320
"12",1743.33333333333,2105,1860,1380,1760,1352.5,1380,1580,2370,1380,2320
"13",1743.33333333333,2105,1872.5,1380,1760,1352.5,1380,1580,2370,1380,2320
"14",1793.33333333333,2105,2042.5,1380,1885,1860,1380,1580,2370,1680,2650
"15",1793.33333333333,2155,2042.5,1380,1885,1860,1380,2240,2370,1680,2650
"16",1665,2180,2042.5,1380,2060,1860,2380,2240,2370,1680,2650
"17",1722,2205,2105,1380,2210,1860,2680,2240,2490,1680,2650
"18",1722,2255,2185,1380,2210,1610,2680,2240,2490,1680,2650
"19",1665,2355,2185,1380,2260,1680,2680,2440,2490,1980,2700
"20",1665,2355,2185,1380,2260,1680,2680,2440,2490,1980,2580
"21",1942,2535,2210,2580,2260,2160,2680,2280,2580,1980,2580
"22",1911.66666666667,2535,2210,2580,2260,2160,2680,2280,2580,1980,2270
"23",2296.66666666667,2585,2210,1980,2260,2335,2680,2840,2580,1980,2580
"24",1996.66666666667,2585,2210,1680,2035,2335,2680,2840,2580,1980,2580
"25",2046.66666666667,2585,2085,1980,2210,2335,2680,2840,2580,1980,2580
"26",1845,2560,2085,1680,2035,2010,2680,2840,2580,1680,2580
"27",1795,2610,2085,1680,2035,2010,2680,2840,2580,1680,2240
"28",1921.66666666667,2635,2160,1680,2035,2010,2680,2840,2580,1680,2240
"29",1938.33333333333,2635,2160,1680,2060,2010,2680,2840,2580,1680,2240
"30",1938.33333333333,2635,2160,1680,2060,1985,2680,2690,2580,1680,2240
"31",2091.66666666667,2635,2185,1680,2060,2010,2680,2690,2580,1680,2240
"32",2076.66666666667,2635,2085,1680,2060,2010,2680,2690,1650,1680,1980
"33",2018.33333333333,2635,2085,1680,2060,2010,2680,2510,1650,1680,1980
"34",2018.33333333333,2635,2085,1680,2060,2010,2680,2510,1650,1680,1980
"35",1835,2585,2130,1580,2035,2010,2680,2510,1650,1680,1980
"36",1681.66666666667,2585,2130,1580,2010,1985,2680,2510,1650,1680,1980
"37",1681.66666666667,2585,2130,1580,1985,1985,2680,2510,1650,1680,1980
"38",1760,2585,2130,1580,1985,1985,2680,2510,2450,1680,1980
"39",1760,2585,2130,1580,1985,1730,2680,2510,2020,1680,1980
"40",1696.66666666667,2360,1905,1380,1835,1785,1880,1480,2020,1380,1980
"41",1780,2360,1860,1780,1735,1835,1880,1480,2020,1680,1980
"42",1761.66666666667,2260,1860,1680,1735,1860,1880,1480,2020,1680,2240
"43",1761.66666666667,2210,1835,1680,1760,1860,1880,1480,2020,1680,1980
"44",1761.66666666667,2310,1785,1680,1760,1860,1880,1480,1950,1680,1980
"45",1761.66666666667,2310,1785,1680,1760,1860,1880,1480,1950,1680,1980
"46",1761.66666666667,2310,1785,1680,1760,1860,1880,1480,1950,1680,1980
"47",1793.33333333333,2310,1785,1680,1760,1860,1880,2510,1950,1680,1980
"48",1793.33333333333,2310,1877.5,1680,1760,1860,1880,2510,1950,1680,1940
"49",1793.33333333333,2310,1877.5,1680,1760,1860,1880,2510,1950,1680,1940
"50",1793.33333333333,2310,1877.5,1680,1760,1860,1880,2510,1950,1680,1940
"51",1793.33333333333,2310,1877.5,1680,1760,1860,1880,2510,2050,1680,1940
"52",1783.33333333333,2310,1877.5,1680,1760,1860,1880,2510,2100,1680,2480
"53",1783.33333333333,2310,1877.5,1680,1760,1860,1880,2510,2100,1680,2480
"54",1783.33333333333,2310,1877.5,1680,1760,1860,1880,2510,2100,1680,2480
"55",1783.33333333333,2310,1877.5,1680,1760,1860,1880,2510,2100,1680,2480
"56",1783.33333333333,2310,1877.5,1680,1760,1860,1880,2510,2100,1680,2480
"57",1736.66666666667,2310,1877.5,1680,1760,1860,1880,2510,1980,1680,2480
"58",1736.66666666667,2310,1877.5,1680,1760,1860,1880,2510,2280,1680,2480
"59",1736.66666666667,2310,1877.5,1680,1760,1860,1880,2510,2280,1680,2480
"60",1736.66666666667,2310,1877.5,1680,1760,1935,2180,2510,2280,1680,2480
"61",1736.66666666667,2335,1877.5,1680,1760,1935,2180,2510,2280,1680,2480
"62",1853.33333333333,2335,1877.5,1680,1760,1935,2180,2450,2280,1680,2580
"63",1866.66666666667,2335,1877.5,1680,1760,1935,2180,2450,2280,1680,2580
"64",1866.66666666667,2335,1877.5,1680,1760,1935,2180,2450,2280,1680,2580
"65",1916.66666666667,2335,1877.5,1680,1760,1935,2180,2450,2280,1680,2580
"66",1868.33333333333,2335,1877.5,1680,1760,1935,2180,2450,2280,1680,1980
"67",1866.66666666667,2335,1877.5,1980,1760,1935,2180,2390,2280,1680,2580
"68",1866.66666666667,2335,1877.5,1980,1760,1935,2180,2390,2280,1680,2580
"69",1866.66666666667,2335,1877.5,1980,1885,1935,2180,2390,2280,1680,2580
"70",1916.66666666667,2335,1877.5,1980,1760,1935,2180,2390,1790,1680,2580
"71",1916.66666666667,2335,1877.5,1980,1760,1935,2180,2390,1790,1680,2580
"72",2026.66666666667,2335,1877.5,1680,1885,1935,2180,2310,1790,1680,2570
"73",2026.66666666667,2335,1877.5,1980,1885,1935,2180,2310,1790,1680,2570
"74",2026.66666666667,2335,1877.5,1980,1885,1935,2180,2310,1790,1680,2570
"75",1743.33333333333,2335,1877.5,1580,1735,2035,2180,2310,1790,1680,2570
"76",1743.33333333333,2335,1877.5,1580,1735,2035,2180,2310,1790,1680,2570
"77",1743.33333333333,2335,1877.5,1580,1735,2035,2180,2310,2280,1680,1550
"78",1716.66666666667,2335,1877.5,1580,1735,2020,2680,2310,2280,1680,1550
"79",1716.66666666667,2335,1877.5,1580,1735,2020,2680,2310,2280,1680,1550
"80",1800,2260,1877.5,1580,1835,2095,2880,1480,2280,1680,1980
"81",1866.66666666667,2260,1877.5,1680,1835,2095,2880,1480,1480,1680,1980
"82",1818.33333333333,2260,1927.5,1780,1835,2095,2880,1400,1480,1680,2570
"83",1816.66666666667,2260,1927.5,1650,1835,2082.5,2880,1400,1480,1680,2570
"84",1816.66666666667,2260,1927.5,1650,1835,2082.5,2880,1400,1480,1680,2570
"85",1753.33333333333,2335,1927.5,1780,1835,1775,2880,1400,1480,1680,2820
"86",1985,2335,1927.5,1680,1835,2075,2680,2580,2280,1680,2450
"87",1985,2335,1927.5,1980,1835,2075,2680,2580,2580,1680,2450
"88",2085,2335,1977.5,1980,1885,2207.5,2680,2580,2580,1880,2450
"89",2085,2335,2027.5,2500,1935,2207.5,2680,2580,2580,1880,2450
"90",2125,2385,2160,2100,1990,2207.5,2680,2640,2580,1880,2450
"91",2125,2385,2160,2100,1990,2207.5,2680,2640,2580,1880,2450
"92",2188.33333333333,2385,2160,2100,1990,2207.5,2680,2640,2780,1880,2450
"93",2105,2435,2160,1900,1915,2187.5,2680,2640,2780,1880,2180
"94",2055,2435,2160,1900,1915,2165,2680,2640,2780,1880,2180
"95",2075,2435,2160,1900,2065,2165,2680,2380,2780,1880,2180
"96",1925,2460,2160,1900,2065,2165,2680,2380,2780,1880,2180
"97",1925,2460,2160,1900,2065,2165,2680,2380,2780,1880,2180
"98",2075,2460,2260,2400,2065,2115,2680,2630,2780,1880,2180
"99",2141.66666666667,2460,2260,2400,2065,2115,2680,2630,2780,1880,2780
"100",2286.66666666667,2435,2217.5,2400,2090,2165,2680,2700,2780,1880,2780
"101",2275,2435,2217.5,2400,2090,2165,2680,2700,2780,1880,2780
"102",2241.66666666667,2435,2217.5,2400,1940,2165,2680,2700,2780,1880,2780
"103",2308.33333333333,2435,2317.5,2400,2090,2265,2680,2700,2780,2280,2780
"104",2375,2435,2417.5,2400,2115,2290,2680,2700,2780,2280,2780
"105",2316.66666666667,2535,2417.5,2280,2315,2410,2980,2780,2980,2280,2780
"106",2316.66666666667,2535,2417.5,2280,2315,2410,2980,2780,2980,2280,2780
"107",2316.66666666667,2535,2417.5,2280,2315,2410,2980,2780,2980,2280,2780
"108",2333.33333333333,2535,2417.5,2280,2315,2425,2980,2780,2980,2280,2980
"109",2338.33333333333,2585,2417.5,2280,2315,2425,2980,2780,2980,2280,2990
"110",2333.33333333333,2585,2417.5,2280,2340,2425,2980,2780,2980,2280,2990
"111",2408.33333333333,2585,2417.5,2280,2340,2425,2980,2780,2980,2280,2990
"112",2333.33333333333,2585,2417.5,2280,2340,2425,3380,2780,2980,2280,2990
"113",2338.33333333333,2585,2520,2280,2415,2425,3380,2780,2980,2280,2990
"114",2355,2585,2445,2280,2465,2425,3380,2780,2980,2280,2990
"115",2355,2585,2445,2280,2390,2250,3380,2750,2980,2280,2990
"116",2350,2585,2445,2280,2390,2250,3380,2750,2980,2280,2990
"117",2355,2585,2445,2280,2390,2250,2980,2750,2980,2280,2990
"118",2355,2585,2620,2280,2565,2250,2980,2750,2980,2280,2990
"119",2388.33333333333,2710,2520,2500,2565,2250,2980,2740,2980,2280,2990
"120",2388.33333333333,2710,2520,2500,2565,2250,2980,2740,2980,2280,2990
"121",2388.33333333333,2710,2462.5,2500,2465,2250,2280,2740,2980,2280,2990
"122",2235,2685,2562.5,2500,2565,2250,2280,2740,2980,2280,2990
"123",2166.66666666667,2685,2562.5,2500,2565,2250,2280,2740,2500,2280,2990
"124",2166.66666666667,2585,2562.5,2500,2565,2250,2280,2740,2250,2280,2990
"125",2166.66666666667,2585,2562.5,2500,2565,2250,2280,2740,2250,2280,2990
"126",2166.66666666667,2585,2562.5,2500,2565,2250,2280,2740,2250,2280,2990
"127",2216.66666666667,2585,2562.5,2180,2565,2250,2280,2740,2250,2280,2990
"128",2216.66666666667,2585,2562.5,2500,2440,2250,2280,2650,2250,2280,2990
"129",2216.66666666667,2560,2367.5,2280,2440,2250,2280,2650,2250,2280,2990
"130",2216.66666666667,2560,2367.5,2280,2440,2250,2280,2650,2250,2280,2990
"131",2320,2410,2367.5,2500,2390,2250,2280,2650,2250,2280,2990
"132",2320,2410,2367.5,2500,2540,2250,2280,2650,2250,2280,2990
"133",2233.33333333333,2410,2537.5,2500,2440,2250,2280,2650,2250,2280,2180
"134",2320,2410,2537.5,2500,2440,2250,2280,2650,2250,2280,2180
"135",2320,2410,2537.5,2500,2440,2250,2280,2650,2250,2280,2180
"136",2320,2427.5,2537.5,2500,2532.5,2250,2280,2630,2250,2280,2180
"137",2320,2252.5,2385,2500,2457.5,2250,2280,2630,2250,2280,2180
"138",2285,2252.5,2385,2500,2457.5,2250,2280,2630,1980,2280,2180
"139",2285,2352.5,2385,2500,2457.5,2305,2280,2600,1980,2280,2180
"140",2251.66666666667,2352.5,2385,2500,2457.5,2305,2280,2250,1980,2280,2280
"141",2251.66666666667,2352.5,2385,2500,2457.5,2305,2280,2250,1980,2280,2280
"142",2046.66666666667,2352.5,2302.5,1980,2270,2102.5,2280,2250,1980,1950,2080
"143",2046.66666666667,2352.5,2060,1980,2027.5,2102.5,2280,2250,1980,1950,1950
"144",2115,2315,2330,1980,2357.5,2177.5,2980,2250,1900,1950,1950
"145",2095,2265,2330,1980,2357.5,2177.5,2980,2250,1900,1950,1950
"146",2095,2265,2330,2200,2357.5,2177.5,2280,2250,1900,1950,1950
"147",2095,2190,2112.5,2200,2282.5,2177.5,2280,2250,1890,1950,1950
"148",2095,2265,2112.5,2200,2282.5,2177.5,2280,2250,1890,1950,1950
"149",2118.33333333333,2365,2117.5,2200,2315,2102.5,2280,2250,1890,2080,1950
"150",2118.33333333333,2365,2117.5,2200,2315,2102.5,2280,2250,1890,2080,1950
"151",2118.33333333333,2365,2117.5,2200,2315,2177.5,2280,2250,1890,2080,1950
"152",2068.33333333333,2065,2042.5,2200,2240,2027.5,1980,2250,1890,2080,2080
"153",2068.33333333333,2065,2042.5,2200,2240,2027.5,1980,2250,2100,1950,1950
"154",2056.66666666667,2040,2010,1980,2240,2027.5,1980,2250,2100,1950,1950
"155",2056.66666666667,2040,2010,1980,2240,2027.5,1980,2250,2200,1950,1950
"156",2156.66666666667,2190,2192.5,1950,2210,2210,2580,2250,2200,2080,1950
"157",2111.66666666667,2190,2192.5,1950,2210,2210,2580,2250,1980,2080,1950
"158",2106.66666666667,2190,2192.5,1950,2085,2210,2080,2250,1980,2080,2080
"159",2023.33333333333,2190,2067.5,1950,2085,2085,2080,2250,2380,2080,2080
"160",2045,2390,2337.5,1950,2285,2110,2880,2250,2480,2080,2080
"161",2166.66666666667,2165,2287.5,1950,2302.5,2235,2580,2250,2480,2180,2180
"162",2166.66666666667,2040,2162.5,2080,2302.5,2110,2080,2250,2480,2180,2180
"163",2076.66666666667,2335,2287.5,1980,2235,2085,1950,2250,2480,2180,2180
"164",2093.33333333333,2335,2287.5,1980,2235,2085,1950,2250,2180,2180,2180
"165",1970,2155,2287.5,1750,2077.5,2002.5,1950,2250,2180,2180,2180
"166",1986.66666666667,2055,2187.5,1750,2077.5,2077.5,2180,2160,2180,2180,2180
"167",1910,1955,2045,1750,2052.5,2077.5,2080,1700,1700,2180,2280
"168",1860,2040,2045,1750,2052.5,2002.5,2080,1700,1700,1980,1980
"169",1860,2040,2045,1750,2052.5,2002.5,2080,1700,1700,1980,1980
"170",1915,1915,2045,1750,2052.5,2002.5,2080,1700,1700,1980,1980
"171",1915,1915,1970,1950,2185,2060,2080,1700,1700,1880,1980
"172",1936.66666666667,1915,1970,2080,2060,2060,2080,1700,1700,1880,1980
"173",1953.33333333333,2105,2007.5,2080,2060,2060,2080,2570,2180,1880,1980
"174",1915,1897.5,1950,2500,2002.5,2002.5,1850,2180,2180,1880,2810
"175",1915,1897.5,1950,2080,2002.5,1952.5,1850,2180,2180,1880,2180
"176",1915,1897.5,1950,1950,2002.5,1952.5,1850,2180,2180,1880,2180
"177",1930,1897.5,1950,1950,2002.5,1952.5,1850,2180,2180,1880,2180
"178",1930,1897.5,1950,1950,2002.5,1952.5,1850,2180,2180,1880,2180
"179",1830,1947.5,1950,1780,2002.5,1877.5,1850,2180,2080,1770,2180
"180",1830,1947.5,1950,1780,1927.5,1877.5,1780,2180,2080,1770,2180
"181",1813.33333333333,2030,1962.5,1780,1927.5,1877.5,1780,2180,2080,1770,2180
"182",1808.33333333333,2030,1962.5,1780,1927.5,1877.5,1780,2180,1980,1770,2180
"183",1808.33333333333,2030,1915,1780,1927.5,1827.5,1780,2180,1980,1770,2180
"184",1816.66666666667,1885,1867.5,1780,1960,1990,2280,2180,1980,1580,2180
"185",1740,1702.5,1685,1550,1670,1620,1550,2180,1580,1580,1980
"186",1601.66666666667,1652.5,1685,1550,1670,1752.5,1550,2180,1580,1580,2180
"187",1601.66666666667,1652.5,1685,1550,1670,1752.5,1550,2180,1580,1580,2180
"188",1761.66666666667,1910,1792.5,1750,1835,1752.5,1550,2180,1580,1680,2180
"189",1783.33333333333,1910,1792.5,1750,1835,1785,1680,2180,1580,1680,2180
"190",1683.33333333333,1760,1792.5,1750,1860,1810,1680,2090,1980,1680,2180
"191",1683.33333333333,1760,1817.5,1750,1860,1810,1680,2090,1580,1680,2180
"192",1683.33333333333,1802.5,1817.5,1750,1860,1810,1680,2090,1580,1680,2180
"193",1795,1802.5,1817.5,1600,1790,1785,1680,2090,1580,1680,2250
"194",1770,1802.5,1817.5,1600,1790,1785,1680,2090,1580,1680,1680
"195",1770,1802.5,1817.5,1600,1790,1690,1680,2090,1580,1680,2250
"196",1770,1802.5,1817.5,1600,1765,1690,1680,2090,1580,1680,2250
"197",1770,1802.5,1817.5,1600,1765,1690,1680,2090,1580,1680,2250
"198",1800,1720,1735,1680,1702.5,1702.5,1650,2090,1580,1650,2360
"199",1695,1720,1735,1680,1702.5,1702.5,1650,2090,1580,1650,2360
"200",1763.33333333333,1720,1735,1680,1727.5,1702.5,1650,2090,1580,1650,1580
"201",1763.33333333333,1720,1707.5,1680,1727.5,1702.5,1650,2180,1580,1650,1580
"202",1763.33333333333,1720,1707.5,1680,1727.5,1702.5,1650,2180,1580,1650,1580
"203",1491.66666666667,1710,1592.5,1350,1577.5,1527.5,1680,2180,1280,1280,2360
"204",1435,1710,1535,1180,1520,1485,1680,2180,1280,1280,2360
"205",1416.66666666667,1710,1517.5,1180,1452.5,1485,1680,2180,1280,1280,2360
"206",1416.66666666667,1710,1517.5,1180,1410,1485,1680,2180,1280,1280,1280
"207",1416.66666666667,1710,1517.5,1180,1410,1485,1680,2180,1280,1280,1280
"208",1598.33333333333,1610,1592.5,1250,1402.5,1552.5,1480,2180,1280,1650,1680
"209",1461.66666666667,1485,1642.5,1250,1452.5,1602.5,1480,2180,1280,1650,1680
"210",1680,1785,1702.5,1250,1660,1602.5,1480,2180,1680,1650,1980
"211",1571.66666666667,1785,1702.5,1250,1653.33333333333,1602.5,1480,2180,1680,1650,1980
"212",1610,1785,1690,1250,1653.33333333333,1602.5,1680,2180,1680,1650,1980
"213",1681.66666666667,1635,1590,1250,1653.33333333333,1710,1680,2150,1680,1650,1830
"214",1610,1635,1690,1250,1510,1710,1680,2150,1680,1650,1650
"215",1666.66666666667,1735,1690,1680,1660,1710,1680,2150,1680,1650,1650
"216",1690,1735,1690,1680,1660,1710,1680,2150,1680,1650,1650
"217",1706.66666666667,1735,1690,1680,1660,1710,1680,2150,1580,1650,1650
"218",1563.33333333333,1627.5,1762.5,1350,1645,1695,1950,2150,1580,1650,1650
"219",1608.33333333333,1627.5,1762.5,1350,1645,1695,1950,2150,1280,1650,1650
"220",1648.33333333333,1627.5,1827.5,1350,1645,1695,1950,2290,1880,1650,1650
"221",1698.33333333333,1627.5,1855,1350,1695,1695,1950,2290,1980,1650,1650
"222",1698.33333333333,1677.5,1855,1350,1695,1695,1950,2290,1980,1650,1650
"223",2003.33333333333,1910,1942.5,1850,2002.5,2002.5,2380,2290,1980,1980,2750
"224",2046.66666666667,1760,1955,1850,2002.5,1902.5,2380,2290,2280,1980,2750
"225",2046.66666666667,1760,1822.5,2050,1920,1895,1980,2290,2280,1980,2790
"226",2046.66666666667,1760,1867.5,2050,1920,1895,1980,2500,2380,1980,2790
"227",1931.66666666667,1760,1867.5,2050,1920,1895,1980,2500,2380,1980,2350
"228",1926.66666666667,1860,1867.5,2080,1977.5,1895,1850,2500,1880,1850,2380
"229",1938.33333333333,1960,2025,2080,1970,1895,1850,2450,2380,1850,2380
"230",1871.66666666667,1927.5,2025,2080,1945,1895,1850,2450,2380,1850,2380
"231",1871.66666666667,1910,2057.5,2080,1977.5,1895,1850,2450,2380,1850,2380
"232",1976.66666666667,1852.5,2232.5,2080,2152.5,1895,1850,2450,1880,1850,2380
"233",1976.66666666667,1852.5,2122.5,2080,2152.5,1895,1850,1800,1880,1850,2080
"234",2098.33333333333,1902.5,2037.5,2080,1945,1895,2580,1800,1880,1850,2080
"235",1976.66666666667,1902.5,1962.5,2080,1945,1895,1850,1800,1880,1850,2080
"236",1976.66666666667,1952.5,1962.5,2080,2020,1895,1850,1800,2450,1850,2080
"237",2181.66666666667,2210,2195,2080,2252.5,2182.5,2580,1800,2450,2050,2080
"238",2093.33333333333,2027.5,1965,2480,2070,2000,1850,1800,2000,2050,2080
"239",2126.66666666667,1982.5,2125,2380,2070,2120,2050,1800,2100,2050,2380
"240",2126.66666666667,1982.5,2125,2380,2070,2120,2050,1800,2100,2050,2380
"241",2126.66666666667,1982.5,2125,2380,2070,2120,2050,1800,2100,2050,2380
"242",1943.33333333333,1882.5,2132.5,1880,1995,1995,2050,1800,2380,2050,2530
"243",1943.33333333333,1882.5,2022.5,1880,1995,1995,2050,1800,1980,2050,2080
"244",1943.33333333333,2165,2177.5,1880,2177.5,1995,2050,1800,1980,2050,2080
"245",1943.33333333333,2165,2177.5,1880,2177.5,1995,2050,1800,1980,2050,2080
"246",1943.33333333333,2165,2177.5,1880,2177.5,1995,2050,1800,1980,2050,2080
"247",2041.66666666667,1907.5,2177.5,2180,2070,2070,2050,1800,1980,2050,1880
"248",2041.66666666667,1907.5,2060.5,2180,2070,2070,2050,1800,1980,2050,1880
"249",1991.66666666667,1982.5,2102.5,2180,2020,2045,2050,1800,2100,2050,1880
"250",2020,1982.5,2102.5,2180,2020,2037.5,2050,1800,1980,2050,1880
"251",2020,1982.5,2077.5,2180,2020,2037.5,2050,1800,1980,2050,1880
"252",1975,1840,2010,2280,1952.5,1902.5,1980,1800,1980,1850,2380
"253",1953.33333333333,1807.5,1977.5,2280,1920,1870,1850,1800,1980,1850,2380
"254",1913.33333333333,1795,1977.5,2050,1920,1870,1850,1800,1980,1850,2380
"255",1913.33333333333,1795,1977.5,2050,1920,1870,1850,1800,1880,1850,2380
"256",1835,1795,1977.5,2050,1770,1870,1850,1800,1880,1850,2380
"257",1666.66666666667,1802.5,1842.5,1580,1635,1685,1680,1800,1880,1480,1680
"258",1616.66666666667,1760,1842.5,1580,1635,1660,1580,1680,1600,1480,1580
"259",1616.66666666667,1860,1792.5,1580,1635,1660,1580,1680,1600,1480,2380
"260",1616.66666666667,1860,1742.5,1580,1635,1660,1580,1800,1480,1480,2380
"261",1616.66666666667,1760,1742.5,1580,1635,1660,1580,1800,1480,1480,2380
"262",1890,1810,1860,2050,1785,1870,1880,1800,1480,1650,1880
"263",1776.66666666667,1772.5,1822.5,1850,1752.5,1832.5,1880,1800,1480,1650,1570
"264",1776.66666666667,1910,1860,2050,1820,1832.5,1880,1800,1980,1780,1880
"265",1776.66666666667,1747.5,1807.5,2050,1782.5,1832.5,1730,1800,1980,2180,1880
"266",1776.66666666667,1747.5,1807.5,2050,1782.5,1832.5,1730,1800,1980,1750,1770
"267",1865,1772.5,1802.5,2150,1782.5,1832.5,1730,1800,1980,1750,1770
"268",1865,1735,1802.5,2050,1782.5,1832.5,1730,1800,1980,1750,1770
"269",1710,1753.33333333333,1860,1865,1760,1866.66666666667,1730,1730,1770,1625,1770
"270",1600,1553.33333333333,1840,1735,1760,1800,1730,1730,1670,1625,1770
"271",1600,1603.33333333333,1840,1735,1760,1800,1480,1650,1670,1625,1770
"272",1578.57142857143,1803.33333333333,1753.33333333333,1735,1710,1800,1580,1650,1620,1625,1640
"273",1604.28571428571,1803.33333333333,1803.33333333333,1735,1760,1800,1580,1650,1590,1625,1640
"274",1625.71428571429,1770,1803.33333333333,1735,1760,1800,1580,1650,1590,1625,1640
"275",1530,1686.66666666667,1596.66666666667,1745,1553.33333333333,1710,1480,1650,1640,1440,1900
"276",1515.71428571429,1686.66666666667,1580,1695,1553.33333333333,1710,1480,1665,1640,1440,1380
"277",1515.71428571429,1720,1580,1695,1553.33333333333,1710,1480,1665,1640,1440,1380
"278",1515.71428571429,1686.66666666667,1580,1695,1553.33333333333,1710,1480,1665,1685,1440,1380
"279",1515.71428571429,1686.66666666667,1580,1695,1553.33333333333,1710,1480,1665,1685,1440,1380
"280",1522.85714285714,1506.66666666667,1786.66666666667,1460,1770,1553.33333333333,1730,1665,1685,1625,2040
"281",1522.85714285714,1570,1786.66666666667,1460,1770,1676.66666666667,1730,1665,1685,1625,2040
"282",1537.14285714286,1636.66666666667,1786.66666666667,1460,1770,1676.66666666667,1730,1665,1685,1625,2040
"283",1537.14285714286,1636.66666666667,1786.66666666667,1460,1770,1676.66666666667,1730,1665,1685,1625,2040
"284",1551.42857142857,1636.66666666667,1786.66666666667,1460,1770,1676.66666666667,1730,1665,1685,1625,2040
"285",1608.57142857143,1770,1786.66666666667,1660,1793.33333333333,1816.66666666667,1730,1665,1685,1625,2040
"286",1608.57142857143,1736.66666666667,1786.66666666667,1660,1793.33333333333,1750,1730,1665,1685,1625,2040
"287",1611.42857142857,1570,1786.66666666667,1660,1760,1750,1730,1665,1685,1625,2040
"288",1611.42857142857,1770,1786.66666666667,1660,1760,1750,1730,1665,1685,1625,2040
"289",1540,1770,1786.66666666667,1420,1760,1393.33333333333,1730,1665,1685,1340,2040
"290",1394.28571428571,1553.33333333333,1546.66666666667,1420,1520,1393.33333333333,1580,1665,1535,1340,1180
"291",1394.28571428571,1820,1646.66666666667,1375,1620,1393.33333333333,1880,1665,1485,1340,1180
"292",1394.28571428571,1820,1646.66666666667,1375,1620,1393.33333333333,1880,1665,1485,1340,1180
"293",1394.28571428571,1820,1646.66666666667,1375,1620,1393.33333333333,1880,1680,1485,1340,1180
"294",1587.14285714286,1686.66666666667,1846.66666666667,1615,1810,1743.33333333333,1880,1650,1440,1625,2070
"295",1587.14285714286,1686.66666666667,1846.66666666667,1615,1776.66666666667,1743.33333333333,1880,1650,1440,1625,2070
"296",1630,1770,1786.66666666667,1615,1726.66666666667,1676.66666666667,1750,1650,1740,1625,2070
"297",1630,1770,1786.66666666667,1615,1726.66666666667,1676.66666666667,1750,1650,1740,1625,2070
"298",1630,1770,1786.66666666667,1615,1726.66666666667,1676.66666666667,1750,1650,1690,1625,2070
"299",1485.71428571429,1383.33333333333,1600,1465,1540,1643.33333333333,1170,1650,1690,1625,2070
"300",1485.71428571429,1383.33333333333,1600,1465,1540,1643.33333333333,1170,1650,1650,1625,2070
"301",1587.14285714286,1703.33333333333,1786.66666666667,1465,1776.66666666667,1643.33333333333,1730,1650,1650,1625,1880
"302",1565.71428571429,1753.33333333333,1786.66666666667,1465,1776.66666666667,1643.33333333333,1730,1650,1650,1625,1880
"303",1637.14285714286,1820,1786.66666666667,1465,1776.66666666667,1643.33333333333,1730,1650,1650,1625,1880
"304",1701.42857142857,1820,1836.66666666667,1615,1776.66666666667,1743.33333333333,1880,1650,1650,1625,2250
"305",1611.42857142857,1553.33333333333,1836.66666666667,1615,1776.66666666667,1743.33333333333,1880,1650,1650,1625,2250
"306",1592.85714285714,1776.66666666667,1793.33333333333,1615,1776.66666666667,1743.33333333333,1750,1650,1650,1625,2250
"307",1664.28571428571,1710,1793.33333333333,1615,1733.33333333333,1743.33333333333,1750,1650,1670,1625,2250
"308",1607.14285714286,1710,1793.33333333333,1615,1733.33333333333,1743.33333333333,1750,1650,1670,1625,2250
"309",1568.57142857143,1486.66666666667,1703.33333333333,1615,1643.33333333333,1743.33333333333,1480,1650,1470,1625,1650
"310",1568.57142857143,1486.66666666667,1703.33333333333,1615,1643.33333333333,1743.33333333333,1480,1650,1470,1625,1650
"311",1582.85714285714,1486.66666666667,1703.33333333333,1615,1643.33333333333,1743.33333333333,1480,1650,1470,1625,1650
"312",1568.57142857143,1486.66666666667,1703.33333333333,1615,1643.33333333333,1743.33333333333,1480,1650,1470,1625,1650
"313",1625.71428571429,1486.66666666667,1703.33333333333,1575,1643.33333333333,1753.33333333333,1480,1650,1470,1625,1650
"314",1447.14285714286,1486.66666666667,1463.33333333333,1285,1420,1326.66666666667,1480,1650,1470,1290,1280
"315",1447.14285714286,1486.66666666667,1463.33333333333,1285,1420,1326.66666666667,1480,1650,1470,1290,1280
"316",1390,1486.66666666667,1463.33333333333,1285,1420,1326.66666666667,1480,1650,1470,1290,1280
"317",1390,1486.66666666667,1463.33333333333,1285,1420,1326.66666666667,1480,1650,1470,1290,1280
"318",1528.57142857143,1486.66666666667,1686.66666666667,1425,1643.33333333333,1750,1480,1650,1470,1625,1880
"319",1528.57142857143,1486.66666666667,1686.66666666667,1585,1643.33333333333,1750,1480,1650,1470,1625,1780
"320",1554.28571428571,1653.33333333333,1686.66666666667,1585,1643.33333333333,1750,1480,1650,1670,1625,1780
"321",1554.28571428571,1653.33333333333,1686.66666666667,1475,1643.33333333333,1750,1480,1650,1670,1625,1780
"322",1611.42857142857,1653.33333333333,1686.66666666667,1475,1643.33333333333,1626.66666666667,1480,1650,1635,1625,1780
"323",1654.28571428571,1743.33333333333,1776.66666666667,1510,1733.33333333333,1700,1750,1650,1635,1625,1780
"324",1650,1743.33333333333,1776.66666666667,1510,1733.33333333333,1700,1750,1650,1635,1625,1780
"325",1592.85714285714,1543.33333333333,1776.66666666667,1510,1733.33333333333,1700,1750,1650,1635,1625,1680
"326",1592.85714285714,1543.33333333333,1776.66666666667,1510,1733.33333333333,1700,1750,1650,1635,1625,1680
"327",1625.71428571429,1820,1853.33333333333,1510,1810,1700,1750,1650,1635,1625,1680
"328",1587.14285714286,1720,1853.33333333333,1425,1776.66666666667,1643.33333333333,1980,1650,1450,1625,1750
"329",1587.14285714286,1720,1853.33333333333,1425,1776.66666666667,1643.33333333333,1980,1650,1450,1625,1450
"330",1554.28571428571,1743.33333333333,1776.66666666667,1425,1776.66666666667,1643.33333333333,1750,1650,1450,1625,1680
"331",1525.71428571429,1610,1776.66666666667,1525,1700,1733.33333333333,1750,1650,1445,1625,1680
"332",1564.28571428571,1610,1753.33333333333,1560,1700,1733.33333333333,1750,1650,1445,1625,1680
"333",1564.28571428571,1610,1753.33333333333,1560,1700,1733.33333333333,1750,1650,1445,1625,1680
"334",1564.28571428571,1610,1776.66666666667,1560,1700,1733.33333333333,1750,1650,1445,1625,1680
"335",1564.28571428571,1610,1776.66666666667,1560,1700,1733.33333333333,1750,1650,1765,1625,1680
"336",1650,1610,1776.66666666667,1575,1700,1733.33333333333,1750,1650,1715,1625,1680
"337",1548.57142857143,1486.66666666667,1596.66666666667,1575,1520,1643.33333333333,1480,1650,1515,1490,1480
"338",1548.57142857143,1486.66666666667,1596.66666666667,1575,1486.66666666667,1653.33333333333,1480,1650,1515,1490,1480
"339",1605.71428571429,1486.66666666667,1596.66666666667,1575,1486.66666666667,1653.33333333333,1480,1650,1715,1490,1480
"340",1562.85714285714,1486.66666666667,1596.66666666667,1575,1486.66666666667,1653.33333333333,1480,1650,1730,1475,1480
"341",1562.85714285714,1486.66666666667,1596.66666666667,1575,1486.66666666667,1653.33333333333,1480,1650,1730,1490,1480
"342",1630,1576.66666666667,1786.66666666667,1425,1666.66666666667,1553.33333333333,1750,1650,1730,1625,2250
"343",1601.42857142857,1576.66666666667,1786.66666666667,1425,1666.66666666667,1553.33333333333,1750,1650,1730,1625,2250
"344",1597.14285714286,1576.66666666667,1786.66666666667,1425,1666.66666666667,1643.33333333333,1750,1650,1780,1625,2250
"345",1678.57142857143,1576.66666666667,1786.66666666667,1425,1666.66666666667,1643.33333333333,1750,1650,1780,1625,2250
"346",1650,1576.66666666667,1786.66666666667,1495,1666.66666666667,1643.33333333333,1750,1650,1895,1625,2250
"347",1731.42857142857,1676.66666666667,1810,1980,1700,1716.66666666667,1750,1650,1960,1675,2250
"348",1731.42857142857,1676.66666666667,1810,1980,1700,1783.33333333333,1750,1650,1960,1675,2250
"349",1821.42857142857,1886.66666666667,1810,1980,1766.66666666667,1983.33333333333,1750,1795,2060,1675,2250
"350",1850,1886.66666666667,1810,1980,1800,1833.33333333333,1750,1825,2015,1840,2250
"351",1882.85714285714,1843.33333333333,1916.66666666667,1980,1866.66666666667,1866.66666666667,1980,1825,2015,1890,2390
"352",1860,1843.33333333333,1916.66666666667,1980,1833.33333333333,1866.66666666667,1850,1705,1915,1840,2250
"353",1921.42857142857,1843.33333333333,1916.66666666667,2080,1943.33333333333,1866.66666666667,1850,1705,1915,1895,2250
"354",1874.28571428571,1843.33333333333,1916.66666666667,1980,1833.33333333333,1833.33333333333,1850,1725,2070,1895,2250
"355",1817.14285714286,1843.33333333333,1883.33333333333,1980,1833.33333333333,1833.33333333333,1850,1725,1970,1925,2250
"356",1817.14285714286,1843.33333333333,1883.33333333333,1980,1833.33333333333,1833.33333333333,1850,1725,2005,1925,2250
"357",1874.28571428571,1976.66666666667,1883.33333333333,1980,1833.33333333333,1833.33333333333,1850,1725,2005,1925,2250
"358",1874.28571428571,1910,1883.33333333333,1980,1833.33333333333,1833.33333333333,1850,1725,2005,1925,2250
"359",1874.28571428571,1910,1883.33333333333,1980,1833.33333333333,1833.33333333333,1850,1725,2005,1925,2250
"360",1825.71428571429,1820,1826.66666666667,1895,1683.33333333333,1776.66666666667,1580,1725,2005,1925,2390
"361",1825.71428571429,1753.33333333333,1826.66666666667,1895,1683.33333333333,1810,1580,1725,1990,1925,2180
"362",1850,1753.33333333333,1793.33333333333,1980,1716.66666666667,1866.66666666667,1580,1725,1990,1975,2180
"363",1850,1753.33333333333,1793.33333333333,1980,1716.66666666667,1866.66666666667,1580,1695,1990,1975,2180
"364",1850,1753.33333333333,1793.33333333333,1980,1716.66666666667,1866.66666666667,1580,1695,1920,1975,2180
"365",1950,1753.33333333333,1793.33333333333,1980,1716.66666666667,1866.66666666667,1580,1695,1920,1975,2180
"366",1950,1753.33333333333,1793.33333333333,1980,1716.66666666667,1866.66666666667,1580,1695,1920,1975,2180
"367",1978.57142857143,1753.33333333333,1826.66666666667,1980,1716.66666666667,1866.66666666667,2880,1695,1920,1975,2180
"368",1942.85714285714,2086.66666666667,2160,1955,1716.66666666667,1866.66666666667,2580,1695,1920,1975,2390
"369",1910,1876.66666666667,1950,1955,1716.66666666667,1866.66666666667,2580,1695,1920,1975,2390
"370",1885.71428571429,1876.66666666667,1950,1870,1716.66666666667,1810,2580,1695,1920,1975,2390
"371",1885.71428571429,1876.66666666667,1950,1870,1716.66666666667,1810,1950,1695,1920,1975,2390
"372",1868.57142857143,1876.66666666667,1893.33333333333,1870,1716.66666666667,1810,1950,1695,1920,1975,2350
"373",1868.57142857143,1876.66666666667,1893.33333333333,1870,1716.66666666667,1810,1950,1695,1920,1975,2350
"374",1868.57142857143,1876.66666666667,1893.33333333333,1810,1716.66666666667,1810,1950,1695,1920,1975,2350
"375",1892.85714285714,1743.33333333333,1893.33333333333,1945,1716.66666666667,1900,1950,1695,1870,1975,2350
"376",1892.85714285714,1743.33333333333,1893.33333333333,1945,1716.66666666667,1900,1950,1695,1870,1975,2350
"377",1835.71428571429,1743.33333333333,1950,1945,1716.66666666667,1900,1950,1795,1855,1975,2350
"378",1917.14285714286,1876.66666666667,1950,1945,1716.66666666667,1900,1950,1795,1855,1975,2350
"379",1804.28571428571,1876.66666666667,1950,1750,1716.66666666667,1770,1950,1795,1855,1975,2350
"380",1804.28571428571,1876.66666666667,1950,1750,1716.66666666667,1770,1950,1795,1855,1975,2350
"381",1804.28571428571,1876.66666666667,1950,1750,1900,1770,1950,1795,1855,1975,2350
"382",1860,1876.66666666667,1950,1945,2143.33333333333,1770,1950,1795,2255,1975,2350
"383",1860,1876.66666666667,1950,1945,1910,1900,1950,1795,1865,1975,2350
"384",1860,1876.66666666667,1950,1945,1900,1900,1950,1795,1850,1975,2350
"385",1860,1776.66666666667,1950,1945,1900,1900,1950,1655,1850,1975,2350
"386",1860,1776.66666666667,1950,1945,1900,1900,1950,1655,1885,1975,2350
"387",1842.85714285714,1776.66666666667,1950,1945,1900,1900,1950,1655,1885,1975,2350
"388",1832.85714285714,1776.66666666667,1950,1945,1900,1900,1950,1655,1865,1975,2350
"389",1832.85714285714,1876.66666666667,1950,1945,1900,1900,1950,1655,1865,1975,2350
"390",1741.42857142857,1776.66666666667,1793.33333333333,1860,1743.33333333333,1686.66666666667,1950,1655,1865,1740,2350
"391",1741.42857142857,1810,1793.33333333333,1860,1743.33333333333,1686.66666666667,1950,1655,1865,1740,2350
"392",1741.42857142857,1810,1793.33333333333,1830,1900,1686.66666666667,1950,1655,1865,1975,2350
"393",1741.42857142857,1810,1793.33333333333,1830,1743.33333333333,1686.66666666667,1950,1655,1865,1740,2350
"394",1702.85714285714,1810,1793.33333333333,1830,1743.33333333333,1686.66666666667,1950,1745,1865,1740,2350
"395",1641.42857142857,1853.33333333333,1760,1680,1743.33333333333,1710,1480,1745,1920,1925,2350
"396",1641.42857142857,1853.33333333333,1760,1680,1743.33333333333,1710,1480,1745,1920,1925,2350
"397",1611.42857142857,1720,1726.66666666667,1680,1743.33333333333,1710,1480,1745,1920,1925,2350
"398",1640,1720,1760,1680,1743.33333333333,1710,1480,1745,1920,1925,2390
"399",1625.71428571429,1720,1760,1625,1743.33333333333,1710,1480,1810,1920,1925,2390
"400",1678.57142857143,1520,1760,1810,1743.33333333333,1833.33333333333,1480,1745,1920,1925,2390
"401",1678.57142857143,1520,1760,1810,1743.33333333333,1833.33333333333,1480,1730,1870,1925,2390
"402",1684.28571428571,1520,1760,1625,1710,1833.33333333333,1480,1730,1870,1925,2390
"403",1684.28571428571,1520,1760,1810,1710,1833.33333333333,1480,1730,1920,1925,2390
"404",1660,1720,1760,1725,1710,1776.66666666667,1480,1680,1920,1925,2390
"405",1660,1720,1760,1725,1710,1776.66666666667,1480,1695,1920,1925,2390
"406",1702.85714285714,1720,1760,1725,1710,1776.66666666667,1480,1695,1920,1925,2390
"407",1711.42857142857,1653.33333333333,1760,1725,1710,1776.66666666667,1480,1695,1970,1925,2390
"408",1682.85714285714,1653.33333333333,1760,1725,1710,1776.66666666667,1480,1695,1970,1925,2390
"409",1734.28571428571,1653.33333333333,1760,1865,1710,1833.33333333333,1480,1695,1970,1925,2390
"410",1734.28571428571,1653.33333333333,1760,1865,1710,1833.33333333333,1480,1695,1970,1925,2390
"411",1702.85714285714,1653.33333333333,1670,1865,1710,1916.66666666667,1480,1695,1970,1975,2390
"412",1702.85714285714,1653.33333333333,1670,1865,1710,1793.33333333333,1480,1695,1970,1975,2390
"413",1681.42857142857,1653.33333333333,1670,1865,1620,1743.33333333333,1480,1695,1970,1790,2390
"414",1748.57142857143,1743.33333333333,1826.66666666667,1865,1875,1760,1950,1745,1970,1790,2390
"415",1748.57142857143,1743.33333333333,1826.66666666667,1865,1776.66666666667,1760,1950,1745,1970,1790,2390
"416",1748.57142857143,1743.33333333333,1826.66666666667,1865,1776.66666666667,1760,1950,1745,1970,1790,2390
"417",1748.57142857143,1743.33333333333,1826.66666666667,1865,1776.66666666667,1760,1950,1745,1970,1735,2390
"418",1807.14285714286,1743.33333333333,1826.66666666667,1865,1776.66666666667,1760,1950,1745,1970,1920,2390
"419",1788.57142857143,1710,1893.33333333333,1705,1833.33333333333,1776.66666666667,1950,1745,1870,1820,2390
"420",1778.57142857143,1710,1893.33333333333,1705,1833.33333333333,1776.66666666667,1950,1745,1870,1820,2180
"421",1778.57142857143,1710,1893.33333333333,1705,1833.33333333333,1710,1950,1745,1970,1820,2180
"422",1778.57142857143,1710,1893.33333333333,1705,1833.33333333333,1710,1950,1745,1895,1820,2180
"423",1770,1710,1893.33333333333,1705,1833.33333333333,1710,1950,1715,1895,1820,2180
"424",1758.57142857143,1726.66666666667,1810,1805,1750,1733.33333333333,1850,1715,1895,1820,2180
"425",1758.57142857143,1626.66666666667,1810,1805,1750,1733.33333333333,1700,1665,1895,1820,2180
"426",1744.28571428571,1626.66666666667,1810,1805,1750,1733.33333333333,1700,1665,1845,1820,2180
"427",1744.28571428571,1726.66666666667,1810,1805,1750,1733.33333333333,1700,1665,1845,1820,2180
"428",1744.28571428571,1726.66666666667,1810,1805,1750,1733.33333333333,1700,1665,1845,1820,2180
"429",1631.42857142857,1886.66666666667,1703.33333333333,1650,1653.33333333333,1653.33333333333,1680,1665,1845,1685,1480
"430",1617.14285714286,1820,1770,1650,1720,1653.33333333333,1880,1595,1780,1685,1480
"431",1558.57142857143,1786.66666666667,1703.33333333333,1650,1653.33333333333,1686.66666666667,1680,1595,1780,1685,1480
"432",1558.57142857143,1786.66666666667,1703.33333333333,1650,1653.33333333333,1686.66666666667,1680,1595,1780,1685,1480
"433",1558.57142857143,1686.66666666667,1703.33333333333,1650,1653.33333333333,1686.66666666667,1680,1595,1765,1685,1480
"434",1550,1686.66666666667,1790,1500,1720,1576.66666666667,1680,1595,1765,1795,2110
"435",1550,1686.66666666667,1790,1585,1720,1600,1680,1595,1765,1795,2110
"436",1521.42857142857,1620,1660,1585,1610,1650,1480,1915,1930,1720,1780
"437",1564.28571428571,1486.66666666667,1660,1560,1610,1676.66666666667,1480,1915,1780,1720,2110
"438",1564.28571428571,1486.66666666667,1660,1560,1610,1676.66666666667,1480,1915,1780,1720,1780
"439",1507.14285714286,1486.66666666667,1660,1560,1576.66666666667,1676.66666666667,1480,1915,1780,1720,2040
"440",1488.57142857143,1486.66666666667,1660,1560,1576.66666666667,1676.66666666667,1480,1845,1745,1635,2040
"441",1484.28571428571,1486.66666666667,1660,1560,1576.66666666667,1676.66666666667,1480,1845,1745,1635,2040
"442",1460,1353.33333333333,1716.66666666667,1610,1543.33333333333,1610,1480,1845,1595,1635,2040
"443",1474.28571428571,1353.33333333333,1716.66666666667,1610,1543.33333333333,1610,1480,1845,1595,1635,2040
"444",1431.42857142857,1520,1716.66666666667,1610,1543.33333333333,1610,1480,1845,1645,1635,2040
"445",1445.71428571429,1520,1716.66666666667,1580,1543.33333333333,1610,1480,1845,1645,1580,2040
"446",1445.71428571429,1453.33333333333,1716.66666666667,1580,1543.33333333333,1640,1480,1845,1645,1580,2040
"447",1402.85714285714,1353.33333333333,1603.33333333333,1525,1520,1675,1380,1845,1645,1580,2040
"448",1402.85714285714,1353.33333333333,1603.33333333333,1525,1520,1640,1380,1390,1645,1580,2040
"449",1394.28571428571,1453.33333333333,1443.33333333333,1575,1453.33333333333,1640,1380,1390,1645,1580,2040
"450",1394.28571428571,1453.33333333333,1443.33333333333,1575,1453.33333333333,1640,1380,1390,1580,1580,2040
"451",1387.14285714286,1420,1443.33333333333,1575,1453.33333333333,1640,1380,1390,1580,1530,2040
"452",1061.42857142857,1243.33333333333,1050,1170,1060,1156.66666666667,850,1240,1580,1220,1080
"453",1060,1243.33333333333,1050,1165,1060,1156.66666666667,850,1240,1580,1220,1080
"454",1060,1243.33333333333,1050,1165,1060,1156.66666666667,850,1165,1580,1220,1080
"455",1057.14285714286,1236.66666666667,1050,1165,1060,1156.66666666667,830,1165,1580,1220,1080
"456",1057.14285714286,1236.66666666667,1050,1165,1020,1156.66666666667,830,1165,1580,1220,1080
"457",1327.14285714286,1323.33333333333,1466.66666666667,1575,1425,1373.33333333333,1450,1165,1205,1545,2040
"458",1331.42857142857,1333.33333333333,1466.66666666667,1575,1453.33333333333,1576.66666666667,1450,1165,1205,1545,2040
"459",1352.85714285714,1420,1466.66666666667,1575,1453.33333333333,1576.66666666667,1480,1490,1545,1545,1970
"460",1338.57142857143,1420,1476.66666666667,1575,1453.33333333333,1576.66666666667,1480,1490,1495,1545,1970
"461",1338.57142857143,1420,1476.66666666667,1575,1453.33333333333,1576.66666666667,1480,1490,1495,1545,1970
"462",1321.42857142857,1543.33333333333,1476.66666666667,1475,1453.33333333333,1520,1480,1325,1495,1545,1970
"463",1321.42857142857,1543.33333333333,1476.66666666667,1475,1453.33333333333,1520,1480,1325,1495,1545,1970
"464",1321.42857142857,1543.33333333333,1476.66666666667,1500,1453.33333333333,1520,1480,1325,1495,1545,1970
"465",1321.42857142857,1543.33333333333,1476.66666666667,1500,1453.33333333333,1520,1480,1325,1495,1545,1970
"466",1278.57142857143,1543.33333333333,1476.66666666667,1500,1453.33333333333,1520,1480,1325,1595,1480,1970
"467",1317.14285714286,1543.33333333333,1443.33333333333,1400,1420,1476.66666666667,1480,1325,1595,1430,1970
"468",1302.85714285714,1520,1443.33333333333,1400,1420,1476.66666666667,1480,1325,1595,1430,1970
"469",1345.71428571429,1563.33333333333,1443.33333333333,1400,1420,1476.66666666667,1480,1710,1595,1430,1970
"470",1345.71428571429,1563.33333333333,1443.33333333333,1400,1420,1476.66666666667,1480,1710,1615,1430,1970
"471",1345.71428571429,1563.33333333333,1443.33333333333,1400,1420,1476.66666666667,1480,1710,1615,1430,1970
"472",1421.42857142857,1563.33333333333,1476.66666666667,1565,1453.33333333333,1543.33333333333,1380,1725,1515,1480,1970
"473",1421.42857142857,1520,1476.66666666667,1640,1453.33333333333,1543.33333333333,1380,1725,1515,1480,1570
"474",1450,1563.33333333333,1476.66666666667,1590,1453.33333333333,1543.33333333333,1380,1510,1515,1480,1970
"475",1435.71428571429,1563.33333333333,1476.66666666667,1590,1486.66666666667,1543.33333333333,1380,1490,1540,1480,1570
"476",1464.28571428571,1520,1476.66666666667,1590,1486.66666666667,1543.33333333333,1380,1490,1540,1480,1570
"477",1407.14285714286,1520,1476.66666666667,1440,1486.66666666667,1520,1380,1490,1540,1480,1970
"478",1407.14285714286,1520,1476.66666666667,1440,1486.66666666667,1520,1380,1490,1540,1480,1970
"479",1378.57142857143,1520,1476.66666666667,1440,1486.66666666667,1520,1380,1490,1690,1480,1970
"480",1378.57142857143,1520,1476.66666666667,1440,1486.66666666667,1520,1380,1490,1690,1480,1970
"481",1378.57142857143,1520,1476.66666666667,1440,1486.66666666667,1520,1380,1490,1690,1480,1970
"482",1411.42857142857,1460,1473.33333333333,1475,1483.33333333333,1543.33333333333,1470,1725,1690,1480,1970
"483",1425.71428571429,1460,1473.33333333333,1475,1483.33333333333,1743.33333333333,1470,1725,1690,1480,1970
"484",1468.57142857143,1460,1473.33333333333,1475,1483.33333333333,1743.33333333333,1470,1725,1690,1480,1970
"485",1468.57142857143,1460,1473.33333333333,1475,1483.33333333333,1543.33333333333,1470,1725,1690,1515,1970
"486",1511.42857142857,1460,1473.33333333333,1475,1483.33333333333,1543.33333333333,1470,1725,1690,1515,1970
"487",1452.85714285714,1436.66666666667,1350,1590,1360,1620,1400,1725,1590,1365,1970
"488",1452.85714285714,1436.66666666667,1350,1590,1360,1520,1400,1725,1590,1365,1970
"489",1421.42857142857,1430,1276.66666666667,1590,1286.66666666667,1520,1180,1725,1440,1365,2320
"490",1421.42857142857,1420,1276.66666666667,1590,1286.66666666667,1520,1180,1725,1440,1365,2320
"491",1378.57142857143,1430,1376.66666666667,1390,1386.66666666667,1386.66666666667,1480,1725,1595,1365,2320
"492",1421.42857142857,1430,1376.66666666667,1390,1386.66666666667,1386.66666666667,1480,1725,1595,1450,1550
"493",1335.71428571429,1430,1393.33333333333,1390,1403.33333333333,1503.33333333333,1480,1725,1595,1540,1550
"494",1335.71428571429,1430,1493.33333333333,1390,1503.33333333333,1503.33333333333,1480,1725,1595,1540,2320
"495",1524.28571428571,1463.33333333333,1493.33333333333,1625,1503.33333333333,1660,1480,1725,1595,1540,2320
"496",1502.85714285714,1463.33333333333,1493.33333333333,1625,1503.33333333333,1660,1480,1725,1595,1540,1750
"497",1524.28571428571,1430,1493.33333333333,1440,1503.33333333333,1660,1480,1680,1595,1540,1680
"498",1490,1430,1493.33333333333,1640,1503.33333333333,1660,1480,1680,1690,1540,1680
"499",1511.42857142857,1353.33333333333,1493.33333333333,1625,1503.33333333333,1670,1480,1680,1690,1540,1680
"500",1440,1353.33333333333,1326.66666666667,1625,1336.66666666667,1503.33333333333,1480,1680,1690,1290,1480
"501",1440,1530,1326.66666666667,1625,1336.66666666667,1503.33333333333,1480,1680,1690,1290,1480
"502",1440,1530,1326.66666666667,1625,1336.66666666667,1503.33333333333,1480,1680,1690,1290,1480
"503",1440,1530,1326.66666666667,1625,1336.66666666667,1503.33333333333,1480,1680,1690,1290,1480
"504",1345.71428571429,1520,1326.66666666667,1295,1336.66666666667,1273.33333333333,1480,1360,1690,1290,1480
"505",1317.14285714286,1520,1493.33333333333,1295,1336.66666666667,1456.66666666667,1480,1360,1690,1540,1480
"506",1374.28571428571,1520,1493.33333333333,1295,1503.33333333333,1456.66666666667,1480,1360,1590,1540,1280
"507",1374.28571428571,1536.66666666667,1493.33333333333,1295,1520,1456.66666666667,1530,1360,1590,1540,1280
"508",1365.71428571429,1546.66666666667,1493.33333333333,1295,1520,1456.66666666667,1530,1360,1590,1540,1280
"509",1445.71428571429,1380,1510,1550,1520,1660,1530,1360,1590,1540,1280
"510",1445.71428571429,1380,1510,1550,1520,1643.33333333333,1530,1360,1590,1540,1680
"511",1458.57142857143,1380,1510,1550,1520,1543.33333333333,1530,1690,1565,1540,1680
"512",1458.57142857143,1536.66666666667,1510,1550,1520,1593.33333333333,1530,1690,1565,1540,1680
"513",1458.57142857143,1546.66666666667,1510,1550,1520,1593.33333333333,1530,1690,1565,1540,1680
"514",1362.85714285714,1353.33333333333,1326.66666666667,1550,1336.66666666667,1593.33333333333,980,1690,1525,1540,1650
"515",1337.14285714286,1353.33333333333,1266.66666666667,1575,1336.66666666667,1566.66666666667,980,1690,1505,1450,1980
"516",1294.28571428571,1363.33333333333,1140,1550,1150,1440,980,1690,1505,1260,1980
"517",1294.28571428571,1363.33333333333,1140,1550,1150,1440,980,1690,1505,1260,1980
"518",1234.28571428571,1353.33333333333,1140,1365,1150,1316.66666666667,980,1560,1505,1260,1980
"519",1312.85714285714,1536.66666666667,1323.33333333333,1365,1333.33333333333,1316.66666666667,1530,1560,1505,1260,1980
"520",1312.85714285714,1536.66666666667,1323.33333333333,1365,1520,1316.66666666667,1530,1560,1505,1200,1180
"521",1381.42857142857,1536.66666666667,1460,1550,1470,1440,1530,1560,1445,1305,1950
"522",1367.14285714286,1536.66666666667,1460,1550,1470,1440,1530,1560,1445,1405,1950
"523",1367.14285714286,1480,1460,1525,1470,1440,1530,1560,1445,1405,1580
"524",1328.57142857143,1480,1460,1525,1470,1440,1530,1560,1445,1405,1580
"525",1338.57142857143,1480,1460,1525,1470,1373.33333333333,1530,1560,1445,1405,1580
"526",1367.14285714286,1546.66666666667,1460,1475,1470,1576.66666666667,1530,1560,1445,1405,1580
"527",1318.57142857143,1433.33333333333,1413.33333333333,1425,1423.33333333333,1576.66666666667,1390,1560,1445,1405,1580
"528",1318.57142857143,1333.33333333333,1413.33333333333,1425,1423.33333333333,1576.66666666667,1390,1545,1390,1405,1580
"529",1317.14285714286,1333.33333333333,1413.33333333333,1425,1423.33333333333,1510,1390,1515,1590,1405,1580
"530",1331.42857142857,1500,1413.33333333333,1425,1423.33333333333,1510,1390,1515,1240,1405,1580
"531",1317.14285714286,1500,1413.33333333333,1425,1490,1510,1390,1485,1240,1385,1380
"532",1261.42857142857,1500,1413.33333333333,1425,1490,1510,1390,1485,1240,1485,1380
"533",1317.14285714286,1540,1453.33333333333,1600,1530,1510,1510,1485,1240,1485,1380
"534",1345.71428571429,1540,1476.66666666667,1525,1553.33333333333,1510,1580,1485,1240,1385,1380
"535",1345.71428571429,1373.33333333333,1476.66666666667,1500,1553.33333333333,1576.66666666667,1580,1485,1220,1385,1380
"536",1345.71428571429,1373.33333333333,1476.66666666667,1500,1553.33333333333,1576.66666666667,1580,1485,1420,1385,1380
"537",1217.14285714286,1373.33333333333,1476.66666666667,1175,1553.33333333333,1576.66666666667,1580,1485,1220,1385,1380
"538",1128.57142857143,1310,1283.33333333333,1155,1260,1143.33333333333,1580,1485,1155,1095,1150
"539",1138.57142857143,1440,1283.33333333333,1155,1260,1136.66666666667,1580,1485,1215,1095,1150
"540",1138.57142857143,1440,1283.33333333333,1155,1260,1136.66666666667,1580,1470,1215,1095,1150
"541",1210,1440,1283.33333333333,1125,1260,1136.66666666667,1580,1470,1215,1095,1150
"542",1287.14285714286,1440,1283.33333333333,1440,1260,1360,1580,1470,1215,1095,1480
"543",1317.14285714286,1440,1476.66666666667,1495,1453.33333333333,1360,1580,1485,1215,1385,1480
"544",1360,1506.66666666667,1426.66666666667,1470,1420,1553.33333333333,1580,1470,1215,1385,1480
"545",1360,1506.66666666667,1426.66666666667,1470,1420,1553.33333333333,1580,1470,1215,1385,1780
"546",1317.14285714286,1506.66666666667,1426.66666666667,1510,1420,1553.33333333333,1580,1470,1215,1405,1780
"547",1317.14285714286,1110,1163.33333333333,1495,1420,1553.33333333333,1580,1470,1215,1405,1780
"548",1317.14285714286,1110,1163.33333333333,1495,1420,1553.33333333333,1580,1470,1215,1405,1780
"549",1234.28571428571,1110,1163.33333333333,1495,1156.66666666667,1553.33333333333,790,1470,1185,1455,1780
"550",1191.42857142857,1110,1163.33333333333,1465,1156.66666666667,1553.33333333333,970,1470,1300,1455,1780
"551",1234.28571428571,1110,1163.33333333333,1465,1156.66666666667,1553.33333333333,790,1470,1300,1405,1780
"552",1180,1223.33333333333,1036.66666666667,1465,1030,1426.66666666667,790,1330,1300,1215,1350
"553",1180,1223.33333333333,1036.66666666667,1465,1030,1426.66666666667,790,1290,1300,1215,1350
"554",1165.71428571429,1223.33333333333,1036.66666666667,1465,1030,1426.66666666667,790,1290,1365,1215,1350
"555",1165.71428571429,1223.33333333333,1036.66666666667,1465,1030,1426.66666666667,790,1290,1365,1215,1350
"556",1122.85714285714,1223.33333333333,1036.66666666667,1415,1030,1426.66666666667,790,1290,1365,1215,1350
"557",1290,1320,1326.66666666667,1180,1386.66666666667,1253.33333333333,1480,1290,1365,1405,1080
"558",1290,1320,1326.66666666667,1180,1386.66666666667,1220,1480,1290,1365,1405,1080
"559",1358.57142857143,1453.33333333333,1393.33333333333,1180,1386.66666666667,1220,1545,1290,1325,1405,1330
"560",1307.14285714286,1453.33333333333,1393.33333333333,1180,1386.66666666667,1220,1545,1290,1325,1405,1330
"561",1307.14285714286,1453.33333333333,1393.33333333333,1180,1386.66666666667,1220,1545,1290,1325,1405,1330
"562",1402.85714285714,1386.66666666667,1393.33333333333,1380,1420,1386.66666666667,1545,1290,1325,1405,1465
"563",1410,1386.66666666667,1426.66666666667,1380,1420,1386.66666666667,1545,1380,1325,1405,1465
"564",1437.14285714286,1453.33333333333,1426.66666666667,1550,1420,1410,1560,1405,1325,1455,1465
"565",1437.14285714286,1453.33333333333,1426.66666666667,1550,1420,1410,1560,1565,1375,1520,1465
"566",1445.71428571429,1453.33333333333,1426.66666666667,1450,1420,1410,1560,1565,1375,1445,1465
"567",1345.71428571429,1453.33333333333,1293.33333333333,1550,1286.66666666667,1276.66666666667,1560,1565,1375,1320,1440
"568",1402.85714285714,1486.66666666667,1293.33333333333,1550,1286.66666666667,1276.66666666667,1560,1565,1405,1320,1505
"569",1417.14285714286,1486.66666666667,1293.33333333333,1605,1286.66666666667,1276.66666666667,1560,1670,1470,1320,1505
"570",1417.14285714286,1486.66666666667,1293.33333333333,1655,1286.66666666667,1276.66666666667,1560,1670,1475,1320,1505
"571",1335.71428571429,1486.66666666667,1293.33333333333,1570,1286.66666666667,1276.66666666667,1560,1670,1575,1320,1505
"572",1337.14285714286,1423.33333333333,1263.33333333333,1610,1256.66666666667,1253.33333333333,1465,1670,1600,1370,1745
"573",1337.14285714286,1423.33333333333,1263.33333333333,1610,1256.66666666667,1253.33333333333,1465,1670,1600,1370,1830
"574",1280,1423.33333333333,1263.33333333333,1610,1256.66666666667,1320,1510,1670,1600,1370,1830
"575",1322.85714285714,1423.33333333333,1263.33333333333,1610,1256.66666666667,1320,1510,1675,1600,1340,1870
"576",1280,1423.33333333333,1263.33333333333,1610,1256.66666666667,1320,1510,1675,1600,1340,1870
"577",1481.42857142857,1453.33333333333,1426.66666666667,1620,1486.66666666667,1453.33333333333,1655,1675,1600,1590,1880
"578",1481.42857142857,1453.33333333333,1366.66666666667,1620,1586.66666666667,1453.33333333333,1705,1675,1600,1590,1880
"579",1440,1456.66666666667,1463.33333333333,1620,1590,1453.33333333333,1710,1675,1600,1590,2095
"580",1468.57142857143,1456.66666666667,1463.33333333333,1620,1590,1453.33333333333,1710,1675,1590,1590,2105
"581",1465.71428571429,1456.66666666667,1430,1570,1456.66666666667,1320,1710,1695,1590,1390,1705
"582",1465.71428571429,1456.66666666667,1430,1570,1456.66666666667,1320,1710,1695,1590,1390,1705
"583",1465.71428571429,1456.66666666667,1430,1570,1456.66666666667,1343.33333333333,1710,1695,1665,1390,1705
"584",1465.71428571429,1320,1430,1570,1456.66666666667,1343.33333333333,1710,1695,1605,1390,1705
"585",1437.14285714286,1320,1430,1570,1456.66666666667,1343.33333333333,1750,1695,1605,1390,1705
"586",1504.28571428571,1453.33333333333,1530,1805,1590,1410,1850,1695,1605,1490,1905
"587",1504.28571428571,1453.33333333333,1530,1805,1590,1410,1850,1695,1605,1490,1905
"588",1504.28571428571,1590,1496.66666666667,1805,1590,1410,1850,1515,1605,1490,1905
"589",1561.42857142857,1590,1550,1805,1690,1476.66666666667,1850,1515,1605,1490,1905
"590",1425.71428571429,1590,1450,1380,1690,1293.33333333333,1850,1515,1605,1425,1905
"591",1410,1320,1246.66666666667,1380,1453.33333333333,1293.33333333333,1545,1515,1565,1490,1905
"592",1480,1483.33333333333,1376.66666666667,1380,1583.33333333333,1293.33333333333,1740,1515,1565,1490,1905
"593",1494.28571428571,1586.66666666667,1376.66666666667,1380,1583.33333333333,1293.33333333333,1740,1515,1590,1490,1905
"594",1395.71428571429,1553.33333333333,1446.66666666667,1380,1653.33333333333,1293.33333333333,1740,1515,1590,1490,1905
"595",1574.28571428571,1553.33333333333,1446.66666666667,1710,1653.33333333333,1510,1845,1515,1590,1590,1905
"596",1574.28571428571,1553.33333333333,1513.33333333333,1520,1653.33333333333,1510,1845,1515,1590,1590,1905
"597",1588.57142857143,1443.33333333333,1513.33333333333,1520,1653.33333333333,1510,1745,1515,1655,1590,1905
"598",1588.57142857143,1443.33333333333,1513.33333333333,1520,1653.33333333333,1510,1745,1515,1655,1590,1905
"599",1545.71428571429,1553.33333333333,1513.33333333333,1520,1653.33333333333,1393.33333333333,1745,1515,1655,1590,1905
"600",1531.42857142857,1686.66666666667,1480,1520,1686.66666666667,1393.33333333333,1745,1515,1655,1590,1905
"601",1560,1686.66666666667,1513.33333333333,1520,1686.66666666667,1393.33333333333,1745,1715,1655,1590,1905
"602",1602.85714285714,1586.66666666667,1580,1705,1620,1393.33333333333,1745,1715,1740,1590,1750
"603",1602.85714285714,1586.66666666667,1580,1705,1570,1393.33333333333,1670,1715,1740,1590,1750
"604",1471.42857142857,1403.33333333333,1536.66666666667,1580,1570,1223.33333333333,1670,1715,1790,1550,1750
"605",1517.14285714286,1403.33333333333,1536.66666666667,1580,1570,1223.33333333333,1670,1715,1740,1550,1950
"606",1595.71428571429,1400,1536.66666666667,1580,1570,1323.33333333333,1685,1715,1815,1550,1965
"607",1625.71428571429,1400,1570,1580,1570,1323.33333333333,1685,1955,1895,1550,2005
"608",1625.71428571429,1400,1570,1580,1570,1323.33333333333,1685,2025,1895,1550,2005
"609",1687.14285714286,1603.33333333333,1510,1680,1576.66666666667,1576.66666666667,1685,2025,1895,1490,2090
"610",1725.71428571429,1553.33333333333,1493.33333333333,1680,1576.66666666667,1576.66666666667,1685,2025,1895,1690,2090
"611",1725.71428571429,1670,1493.33333333333,1680,1636.66666666667,1510,1685,2035,1895,1690,2090
"612",1771.42857142857,1670,1493.33333333333,1715,1636.66666666667,1510,1685,2035,2105,1750,2345
"613",1771.42857142857,1670,1603.33333333333,1715,1636.66666666667,1510,1720,2140,2140,1750,2355
"614",1882.85714285714,1820,1833.33333333333,1715,1820,1510,1945,2125,2140,1750,2645
"615",1868.57142857143,1820,1833.33333333333,2040,1820,1620,1945,2125,2140,1800,2405
"616",1874.28571428571,1853.33333333333,1833.33333333333,2040,1820,1620,1945,1910,2005,1800,2405
"617",1874.28571428571,1853.33333333333,1933.33333333333,2040,1820,1620,2095,1910,2005,1855,2405
"618",1874.28571428571,1953.33333333333,1933.33333333333,2040,1820,1620,2095,1910,2005,1855,2405
"619",1874.28571428571,1953.33333333333,1933.33333333333,2040,1820,1620,2095,1910,2005,1855,2405
"620",1874.28571428571,1953.33333333333,1933.33333333333,2040,1820,1620,2095,1910,2005,1855,2405
"621",1901.42857142857,1850,1830,2040,1883.33333333333,1653.33333333333,1940,1860,2005,1940,2455
"622",1882.85714285714,1850,1830,2040,1916.66666666667,1653.33333333333,1940,1865,2005,1940,2455
"623",1915.71428571429,1850,1830,2040,1916.66666666667,1653.33333333333,1995,1865,2005,1940,2455
"624",1875.71428571429,1683.33333333333,1770,2040,1823.33333333333,1593.33333333333,2010,1865,2005,1800,2455
"625",1875.71428571429,1683.33333333333,1770,1930,1823.33333333333,1593.33333333333,2010,1865,2040,1800,2355
"626",1832.85714285714,1683.33333333333,1770,1930,1823.33333333333,1593.33333333333,2010,1865,2090,1800,2355
"627",1875.71428571429,1683.33333333333,1770,1930,1823.33333333333,1593.33333333333,2010,1865,2090,1800,2355
"628",1832.85714285714,1683.33333333333,1770,1930,1823.33333333333,1593.33333333333,2010,1865,2090,1800,2355
"629",1965.71428571429,1990,2003.33333333333,1935,2056.66666666667,1686.66666666667,2220,1865,2090,1940,2355
"630",1907.14285714286,1990,2003.33333333333,1930,2056.66666666667,1686.66666666667,2220,2020,2090,1940,2355
"631",1945.71428571429,1990,2070,1930,2056.66666666667,1686.66666666667,2015,2020,2090,1940,2355
"632",1945.71428571429,1990,2136.66666666667,1930,2056.66666666667,1810,2015,1965,2090,1940,2355
"633",1945.71428571429,1990,2070,1930,2056.66666666667,1810,2015,1965,2090,1940,2355
"634",1828.57142857143,1856.66666666667,2003.33333333333,1680,2056.66666666667,1793.33333333333,2015,1965,2090,1940,2240
"635",1808.57142857143,1856.66666666667,2003.33333333333,1680,2056.66666666667,1810,2015,1925,2090,1940,2005
"636",1808.57142857143,1853.33333333333,1850,1680,1920,1710,2000,1925,2005,1940,2240
"637",1808.57142857143,1853.33333333333,1850,1680,1920,1710,2000,1925,1955,1940,2240
"638",1751.42857142857,1853.33333333333,1850,1680,1920,1676.66666666667,2000,1925,1955,1940,2240
"639",1831.42857142857,1653.33333333333,1850,1915,1920,1810,2000,1755,1890,1915,2390
"640",1831.42857142857,1653.33333333333,1850,1915,1920,1793.33333333333,2000,1755,1890,1915,2205
"641",1831.42857142857,1636.66666666667,1850,1915,1903.33333333333,1793.33333333333,1975,1755,1955,1915,2205
"642",1824.28571428571,1636.66666666667,1833.33333333333,1915,1903.33333333333,1793.33333333333,1975,1755,1890,1830,2205
"643",1815.71428571429,1636.66666666667,1833.33333333333,1915,1903.33333333333,1793.33333333333,1975,1755,1890,1830,2205
"644",1717.14285714286,1516.66666666667,1603.33333333333,1915,1656.66666666667,1716.66666666667,1745,1755,1890,1715,2355
"645",1727.14285714286,1516.66666666667,1603.33333333333,1915,1656.66666666667,1650,1745,1755,1890,1715,2355
"646",1727.14285714286,1516.66666666667,1603.33333333333,1915,1656.66666666667,1683.33333333333,1745,1755,1955,1715,2355
"647",1712.85714285714,1516.66666666667,1603.33333333333,1915,1656.66666666667,1683.33333333333,1745,1785,1955,1715,2355
"648",1751.42857142857,1516.66666666667,1603.33333333333,1915,1656.66666666667,1683.33333333333,1745,1795,1955,1715,2355
"649",1751.42857142857,1550,1566.66666666667,1915,1733.33333333333,1593.33333333333,1745,2040,1840,1705,2180
"650",1751.42857142857,1550,1566.66666666667,1915,1733.33333333333,1593.33333333333,1745,2040,1840,1705,2180
"651",1751.42857142857,1550,1620,1915,1733.33333333333,1593.33333333333,1745,2040,1840,1705,2180
"652",1784.28571428571,1550,1680,1915,1733.33333333333,1593.33333333333,1745,1540,1840,1730,2265
"653",1727.14285714286,1823.33333333333,1953.33333333333,1715,1733.33333333333,1526.66666666667,1745,1540,1840,1730,2265
"654",1844.28571428571,1823.33333333333,1953.33333333333,1715,2006.66666666667,1543.33333333333,1745,2040,1840,1855,2405
"655",1792.85714285714,1636.66666666667,1833.33333333333,1775,1886.66666666667,1543.33333333333,1975,2040,1840,1855,2405
"656",1798.57142857143,1636.66666666667,1833.33333333333,1775,1886.66666666667,1543.33333333333,1975,2040,2140,1855,2405
"657",1812.85714285714,1636.66666666667,1833.33333333333,1775,1886.66666666667,1543.33333333333,1975,2040,2140,1855,2405
"658",1875.71428571429,1760,1923.33333333333,1990,1976.66666666667,1843.33333333333,2110,2040,2005,1855,2405
"659",1875.71428571429,1760,1923.33333333333,1975,1976.66666666667,1843.33333333333,2110,2040,2005,1855,2405
"660",1832.85714285714,1826.66666666667,1863.33333333333,1975,1876.66666666667,1843.33333333333,1960,2040,2005,1855,2405
"661",1787.14285714286,1826.66666666667,1863.33333333333,1975,1876.66666666667,1843.33333333333,1960,2040,2005,1855,2405
"662",1815.71428571429,1826.66666666667,1863.33333333333,1975,1876.66666666667,1843.33333333333,1960,2040,2005,1855,2405
"663",1698.57142857143,1860,1573.33333333333,1925,1626.66666666667,1376.66666666667,1960,2040,2005,1480,2405
"664",1712.85714285714,1826.66666666667,1573.33333333333,1925,1626.66666666667,1376.66666666667,1960,2040,2005,1480,2405
"665",1752.85714285714,1860,1573.33333333333,1925,1626.66666666667,1376.66666666667,1960,2040,1955,1490,2405
"666",1752.85714285714,1826.66666666667,1573.33333333333,1925,1626.66666666667,1543.33333333333,1960,2040,1955,1490,2405
"667",1752.85714285714,1826.66666666667,1573.33333333333,1925,1626.66666666667,1576.66666666667,1960,2040,1955,1490,2405
"668",1805.71428571429,1826.66666666667,1573.33333333333,1775,1850,1700,1960,2040,1955,1740,2405
"669",1805.71428571429,1826.66666666667,1806.66666666667,1775,1850,1700,1960,2040,1955,1740,2405
"670",1805.71428571429,1826.66666666667,1806.66666666667,1775,1850,1700,1960,2040,1955,1740,2405
"671",1805.71428571429,1826.66666666667,1806.66666666667,1775,1850,1700,1960,2040,1955,1740,2405
"672",1741.42857142857,1826.66666666667,1806.66666666667,1775,1850,1700,1960,2040,1970,1740,2105
"673",1751.42857142857,1560,1673.33333333333,1825,1716.66666666667,1706.66666666667,1760,2040,1970,1825,2105
"674",1814.28571428571,1560,1673.33333333333,1825,1716.66666666667,1906.66666666667,1795,2040,1970,1825,2105
"675",1751.42857142857,1693.33333333333,1643.33333333333,1825,1716.66666666667,2023.33333333333,1795,2040,1970,1825,2105
"676",1837.14285714286,1693.33333333333,1643.33333333333,1825,1723.33333333333,2023.33333333333,1795,2040,1970,1825,2105
"677",1791.42857142857,1826.66666666667,1800,1825,1853.33333333333,2020,1970,2040,1970,1995,2105
"678",1791.42857142857,1826.66666666667,1836.66666666667,1825,1853.33333333333,2020,1970,2040,1970,1995,2105
"679",1791.42857142857,1693.33333333333,1800,1825,1853.33333333333,2020,1970,2040,1970,1995,2295
"680",1708.57142857143,1693.33333333333,1606.66666666667,1825,1660,1553.33333333333,1970,2040,1970,1540,2295
"681",1655.71428571429,1693.33333333333,1606.66666666667,1825,1660,1553.33333333333,1970,2040,1970,1540,2295
"682",1640,1826.66666666667,1606.66666666667,1825,1660,1553.33333333333,1970,2040,1920,1540,2295
"683",1640,1813.33333333333,1593.33333333333,1825,1646.66666666667,1553.33333333333,1975,1870,1920,1485,2295
"684",1554.28571428571,1543.33333333333,1390,1975,1443.33333333333,1553.33333333333,1670,1640,1920,1485,2295
"685",1517.14285714286,1376.66666666667,1490,1975,1540,1650,1670,1640,1870,1685,2030
"686",1588.57142857143,1376.66666666667,1490,1975,1540,1616.66666666667,1670,1640,1815,1685,2030
"687",1502.85714285714,1376.66666666667,1490,1975,1540,1616.66666666667,1670,1625,1780,1685,2030
"688",1561.42857142857,1446.66666666667,1553.33333333333,1890,1606.66666666667,1756.66666666667,1725,1625,1730,1635,2315
"689",1552.85714285714,1446.66666666667,1553.33333333333,1890,1606.66666666667,1646.66666666667,1725,1625,1530,1635,2315
"690",1574.28571428571,1513.33333333333,1553.33333333333,1890,1606.66666666667,1786.66666666667,1725,1625,1745,1635,2315
"691",1598.57142857143,1513.33333333333,1553.33333333333,1960,1606.66666666667,1786.66666666667,1725,1625,1745,1635,2325
"692",1584.28571428571,1580,1553.33333333333,1805,1470,1650,1725,1625,1695,1635,2325
"693",1407.14285714286,1166.66666666667,1296.66666666667,1435,1316.66666666667,1283.33333333333,1545,1625,1695,1470,2325
"694",1407.14285714286,1166.66666666667,1296.66666666667,1435,1316.66666666667,1283.33333333333,1545,1635,1665,1470,2325
"695",1432.85714285714,1586.66666666667,1423.33333333333,1435,1443.33333333333,1283.33333333333,1735,1635,1665,1470,2325
"696",1432.85714285714,1586.66666666667,1423.33333333333,1435,1443.33333333333,1283.33333333333,1735,1635,1565,1470,2250
"697",1375.71428571429,1386.66666666667,1423.33333333333,1435,1443.33333333333,1393.33333333333,1735,1800,1565,1470,2250
"698",1434.28571428571,1386.66666666667,1533.33333333333,1775,1553.33333333333,1533.33333333333,1715,1800,1565,1655,2240
"699",1452.85714285714,1386.66666666667,1533.33333333333,1725,1553.33333333333,1533.33333333333,1715,1800,1545,1655,2150
"700",1505.71428571429,1373.33333333333,1533.33333333333,1535,1553.33333333333,1500,1715,1800,1600,1655,2150
"701",1505.71428571429,1373.33333333333,1533.33333333333,1535,1553.33333333333,1500,1715,1770,1570,1655,2150
"702",1562.85714285714,1373.33333333333,1533.33333333333,1535,1553.33333333333,1500,1715,1745,1550,1655,2150
"703",1467.14285714286,1373.33333333333,1276.66666666667,1695,1553.33333333333,1516.66666666667,1715,1695,1550,1320,1690
"704",1460,1356.66666666667,1260,1695,1536.66666666667,1516.66666666667,1715,1695,1550,1320,1690
"705",1422.85714285714,1490,1293.33333333333,1695,1313.33333333333,1276.66666666667,1690,1695,1495,1320,1690
"706",1394.28571428571,1490,1293.33333333333,1695,1313.33333333333,1276.66666666667,1690,1695,1495,1285,1690
"707",1294.28571428571,1490,1293.33333333333,1695,1313.33333333333,1276.66666666667,1690,1695,1495,1285,1690
"708",1400,1256.66666666667,1516.66666666667,1505,1536.66666666667,1500,1690,1695,1530,1620,2035
"709",1370,1256.66666666667,1516.66666666667,1505,1536.66666666667,1500,1690,1695,1565,1620,2035
"710",1390,1256.66666666667,1516.66666666667,1505,1536.66666666667,1500,1690,1695,1620,1620,2025
"711",1390,1256.66666666667,1516.66666666667,1505,1536.66666666667,1500,1690,1695,1620,1620,2025
"712",1390,1256.66666666667,1516.66666666667,1505,1536.66666666667,1500,1690,1695,1620,1620,2025
"713",1391.42857142857,1483.33333333333,1586.66666666667,1480,1530,1370,1680,1695,1440,1540,2030
"714",1417.14285714286,1483.33333333333,1456.66666666667,1480,1530,1370,1680,1695,1595,1540,2030
"715",1431.42857142857,1316.66666666667,1456.66666666667,1480,1530,1503.33333333333,1680,1740,1595,1650,2030
"716",1431.42857142857,1316.66666666667,1456.66666666667,1480,1530,1503.33333333333,1680,1740,1690,1650,1950
"717",1474.28571428571,1483.33333333333,1456.66666666667,1480,1530,1503.33333333333,1680,1740,1690,1650,1950
"718",1508.57142857143,1520,1336.66666666667,1730,1356.66666666667,1416.66666666667,1730,1565,1690,1310,1975
"719",1555.71428571429,1516.66666666667,1336.66666666667,1785,1356.66666666667,1416.66666666667,1730,1565,1690,1310,1975
"720",1598.57142857143,1516.66666666667,1336.66666666667,1785,1356.66666666667,1450,1730,1565,1690,1310,1975
"721",1612.85714285714,1516.66666666667,1336.66666666667,1785,1356.66666666667,1450,1730,1565,1690,1345,1975
"722",1551.42857142857,1516.66666666667,1336.66666666667,1785,1356.66666666667,1450,1730,1565,1690,1345,1975
"723",1665.71428571429,1390,1670,1610,1690,1776.66666666667,1740,1565,1690,1835,1985
"724",1665.71428571429,1390,1670,1670,1690,1776.66666666667,1740,1590,1690,1835,1985
"725",1665.71428571429,1523.33333333333,1670,1895,1690,1776.66666666667,1740,1920,1690,1835,1985
"726",1665.71428571429,1390,1670,1895,1690,1776.66666666667,1740,1920,1690,1835,1985
"727",1684.28571428571,1390,1670,1950,1690,1776.66666666667,1740,1935,1690,1835,1985
"728",1498.57142857143,1470,1483.33333333333,1950,1503.33333333333,1643.33333333333,1760,1935,1675,1535,1985
"729",1498.57142857143,1470,1483.33333333333,1850,1503.33333333333,1643.33333333333,1760,1935,1675,1535,1985
"730",1574.28571428571,1570,1483.33333333333,1850,1503.33333333333,1643.33333333333,1760,1935,1675,1535,1985
"731",1574.28571428571,1470,1483.33333333333,1850,1503.33333333333,1643.33333333333,1760,1935,1695,1535,1985
"732",1560,1470,1483.33333333333,1850,1503.33333333333,1576.66666666667,1760,1935,1695,1535,1985
"733",1680,1456.66666666667,1680,1915,1700,1576.66666666667,1790,1935,1695,1800,2030
"734",1645.71428571429,1456.66666666667,1680,1965,1700,1576.66666666667,1790,1935,1695,1800,2030
"735",1698.57142857143,1590,1680,2000,1723.33333333333,1576.66666666667,1790,1935,1740,1800,2030
"736",1741.42857142857,1456.66666666667,1680,2000,1723.33333333333,1753.33333333333,1790,1935,1770,1800,2030
"737",1741.42857142857,1456.66666666667,1680,2000,1700,1753.33333333333,1790,1935,1770,1800,2060
"738",1672.85714285714,1606.66666666667,1703.33333333333,1675,1723.33333333333,1576.66666666667,1815,1490,1725,1800,1920
"739",1674.28571428571,1606.66666666667,1703.33333333333,1675,1723.33333333333,1576.66666666667,1815,1490,1725,1800,1915
"740",1655.71428571429,1473.33333333333,1703.33333333333,2000,1723.33333333333,1576.66666666667,1815,1490,1725,1800,1815
"741",1722.85714285714,1423.33333333333,1726.66666666667,2000,1746.66666666667,1693.33333333333,1850,1490,1725,1800,1815
"742",1642.85714285714,1456.66666666667,1726.66666666667,2000,1683.33333333333,1630,1850,1490,1725,1715,1970
"743",1642.85714285714,1456.66666666667,1663.33333333333,1950,1683.33333333333,1630,1850,1465,1725,1715,1970
"744",1547.14285714286,1456.66666666667,1663.33333333333,1950,1683.33333333333,1630,1850,1680,1820,1715,1970
"745",1547.14285714286,1456.66666666667,1663.33333333333,1950,1683.33333333333,1630,1850,1680,1820,1715,1970
