"","서울","부산","대구","인천","광주","대전","울산","수원","청주","전주","제주"
"..11",1738.33333333333,1937.5,1627.5,1280,1610,1335,1980,2050,1890,1380,1980
"..12",1738.33333333333,1937.5,1627.5,1280,1610,1560,1980,2050,1890,1380,1980
"..13",1738.33333333333,1937.5,1627.5,1280,1610,1560,1980,2050,2010,1380,1980
"..14",1538.33333333333,1692.5,1442.5,1380,1390,1310,1000,2050,2010,1380,1980
"..15",1538.33333333333,1692.5,1492.5,1380,1390,1310,1000,2050,2010,1380,2140
"..16",1543.33333333333,1692.5,1492.5,1380,1390,1310,1000,2110,2340,1380,2140
"..17",1543.33333333333,1692.5,1492.5,1380,1390,1310,1000,1580,2340,1380,2140
"..18",1543.33333333333,1692.5,1492.5,1380,1390,1310,1000,1580,2340,1380,2140
"..19",1676.66666666667,2080,1760,1380,1635,1660,2380,1580,2340,1380,2140
"..110",1676.66666666667,2080,1860,1380,1735,1635,1380,1580,2340,1380,2320
"..111",1676.66666666667,2105,1860,1380,1735,1635,1380,1580,2370,1380,2320
"..112",1743.33333333333,2105,1860,1380,1760,1352.5,1380,1580,2370,1380,2320
"..113",1743.33333333333,2105,1872.5,1380,1760,1352.5,1380,1580,2370,1380,2320
"..114",1793.33333333333,2105,2042.5,1380,1885,1860,1380,1580,2370,1680,2650
"..115",1793.33333333333,2155,2042.5,1380,1885,1860,1380,2240,2370,1680,2650
"..116",1665,2180,2042.5,1380,2060,1860,2380,2240,2370,1680,2650
"..117",1722,2205,2105,1380,2210,1860,2680,2240,2490,1680,2650
"..118",1722,2255,2185,1380,2210,1610,2680,2240,2490,1680,2650
"..119",1665,2355,2185,1380,2260,1680,2680,2440,2490,1980,2700
"..120",1665,2355,2185,1380,2260,1680,2680,2440,2490,1980,2580
"..121",1942,2535,2210,2580,2260,2160,2680,2280,2580,1980,2580
"..122",1911.66666666667,2535,2210,2580,2260,2160,2680,2280,2580,1980,2270
"..123",2296.66666666667,2585,2210,1980,2260,2335,2680,2840,2580,1980,2580
"..124",1996.66666666667,2585,2210,1680,2035,2335,2680,2840,2580,1980,2580
"..125",2046.66666666667,2585,2085,1980,2210,2335,2680,2840,2580,1980,2580
"..126",1845,2560,2085,1680,2035,2010,2680,2840,2580,1680,2580
"..127",1795,2610,2085,1680,2035,2010,2680,2840,2580,1680,2240
"..128",1921.66666666667,2635,2160,1680,2035,2010,2680,2840,2580,1680,2240
"..129",1938.33333333333,2635,2160,1680,2060,2010,2680,2840,2580,1680,2240
"..130",1938.33333333333,2635,2160,1680,2060,1985,2680,2690,2580,1680,2240
"..131",2091.66666666667,2635,2185,1680,2060,2010,2680,2690,2580,1680,2240
"..132",2076.66666666667,2635,2085,1680,2060,2010,2680,2690,1650,1680,1980
"..133",2018.33333333333,2635,2085,1680,2060,2010,2680,2510,1650,1680,1980
"..134",2018.33333333333,2635,2085,1680,2060,2010,2680,2510,1650,1680,1980
"..135",1835,2585,2130,1580,2035,2010,2680,2510,1650,1680,1980
"..136",1681.66666666667,2585,2130,1580,2010,1985,2680,2510,1650,1680,1980
"..137",1681.66666666667,2585,2130,1580,1985,1985,2680,2510,1650,1680,1980
"..138",1760,2585,2130,1580,1985,1985,2680,2510,2450,1680,1980
"..139",1760,2585,2130,1580,1985,1730,2680,2510,2020,1680,1980
"..140",1696.66666666667,2360,1905,1380,1835,1785,1880,1480,2020,1380,1980
"..141",1780,2360,1860,1780,1735,1835,1880,1480,2020,1680,1980
"..142",1761.66666666667,2260,1860,1680,1735,1860,1880,1480,2020,1680,2240
"..143",1761.66666666667,2210,1835,1680,1760,1860,1880,1480,2020,1680,1980
"..144",1761.66666666667,2310,1785,1680,1760,1860,1880,1480,1950,1680,1980
"..145",1761.66666666667,2310,1785,1680,1760,1860,1880,1480,1950,1680,1980
"..146",1761.66666666667,2310,1785,1680,1760,1860,1880,1480,1950,1680,1980
"..147",1793.33333333333,2310,1785,1680,1760,1860,1880,2510,1950,1680,1980
"..148",1793.33333333333,2310,1877.5,1680,1760,1860,1880,2510,1950,1680,1940
"..149",1793.33333333333,2310,1877.5,1680,1760,1860,1880,2510,1950,1680,1940
"..150",1793.33333333333,2310,1877.5,1680,1760,1860,1880,2510,1950,1680,1940
"..151",1793.33333333333,2310,1877.5,1680,1760,1860,1880,2510,2050,1680,1940
"..152",1783.33333333333,2310,1877.5,1680,1760,1860,1880,2510,2100,1680,2480
"..153",1783.33333333333,2310,1877.5,1680,1760,1860,1880,2510,2100,1680,2480
"..154",1783.33333333333,2310,1877.5,1680,1760,1860,1880,2510,2100,1680,2480
"..155",1783.33333333333,2310,1877.5,1680,1760,1860,1880,2510,2100,1680,2480
"..156",1783.33333333333,2310,1877.5,1680,1760,1860,1880,2510,2100,1680,2480
"..157",1736.66666666667,2310,1877.5,1680,1760,1860,1880,2510,1980,1680,2480
"..158",1736.66666666667,2310,1877.5,1680,1760,1860,1880,2510,2280,1680,2480
"..159",1736.66666666667,2310,1877.5,1680,1760,1860,1880,2510,2280,1680,2480
"..160",1736.66666666667,2310,1877.5,1680,1760,1935,2180,2510,2280,1680,2480
"..161",1736.66666666667,2335,1877.5,1680,1760,1935,2180,2510,2280,1680,2480
"..162",1853.33333333333,2335,1877.5,1680,1760,1935,2180,2450,2280,1680,2580
"..163",1866.66666666667,2335,1877.5,1680,1760,1935,2180,2450,2280,1680,2580
"..164",1866.66666666667,2335,1877.5,1680,1760,1935,2180,2450,2280,1680,2580
"..165",1916.66666666667,2335,1877.5,1680,1760,1935,2180,2450,2280,1680,2580
"..166",1868.33333333333,2335,1877.5,1680,1760,1935,2180,2450,2280,1680,1980
"..167",1866.66666666667,2335,1877.5,1980,1760,1935,2180,2390,2280,1680,2580
"..168",1866.66666666667,2335,1877.5,1980,1760,1935,2180,2390,2280,1680,2580
"..169",1866.66666666667,2335,1877.5,1980,1885,1935,2180,2390,2280,1680,2580
"..170",1916.66666666667,2335,1877.5,1980,1760,1935,2180,2390,1790,1680,2580
"..171",1916.66666666667,2335,1877.5,1980,1760,1935,2180,2390,1790,1680,2580
"..172",2026.66666666667,2335,1877.5,1680,1885,1935,2180,2310,1790,1680,2570
"..173",2026.66666666667,2335,1877.5,1980,1885,1935,2180,2310,1790,1680,2570
"..174",2026.66666666667,2335,1877.5,1980,1885,1935,2180,2310,1790,1680,2570
"..175",1743.33333333333,2335,1877.5,1580,1735,2035,2180,2310,1790,1680,2570
"..176",1743.33333333333,2335,1877.5,1580,1735,2035,2180,2310,1790,1680,2570
"..177",1743.33333333333,2335,1877.5,1580,1735,2035,2180,2310,2280,1680,1550
"..178",1716.66666666667,2335,1877.5,1580,1735,2020,2680,2310,2280,1680,1550
"..179",1716.66666666667,2335,1877.5,1580,1735,2020,2680,2310,2280,1680,1550
"..180",1800,2260,1877.5,1580,1835,2095,2880,1480,2280,1680,1980
"..181",1866.66666666667,2260,1877.5,1680,1835,2095,2880,1480,1480,1680,1980
"..182",1818.33333333333,2260,1927.5,1780,1835,2095,2880,1400,1480,1680,2570
"..183",1816.66666666667,2260,1927.5,1650,1835,2082.5,2880,1400,1480,1680,2570
"..184",1816.66666666667,2260,1927.5,1650,1835,2082.5,2880,1400,1480,1680,2570
"..185",1753.33333333333,2335,1927.5,1780,1835,1775,2880,1400,1480,1680,2820
"..186",1985,2335,1927.5,1680,1835,2075,2680,2580,2280,1680,2450
"..187",1985,2335,1927.5,1980,1835,2075,2680,2580,2580,1680,2450
"..188",2085,2335,1977.5,1980,1885,2207.5,2680,2580,2580,1880,2450
"..189",2085,2335,2027.5,2500,1935,2207.5,2680,2580,2580,1880,2450
"..190",2125,2385,2160,2100,1990,2207.5,2680,2640,2580,1880,2450
"..191",2125,2385,2160,2100,1990,2207.5,2680,2640,2580,1880,2450
"..192",2188.33333333333,2385,2160,2100,1990,2207.5,2680,2640,2780,1880,2450
"..193",2105,2435,2160,1900,1915,2187.5,2680,2640,2780,1880,2180
"..194",2055,2435,2160,1900,1915,2165,2680,2640,2780,1880,2180
"..195",2075,2435,2160,1900,2065,2165,2680,2380,2780,1880,2180
"..196",1925,2460,2160,1900,2065,2165,2680,2380,2780,1880,2180
"..197",1925,2460,2160,1900,2065,2165,2680,2380,2780,1880,2180
"..198",2075,2460,2260,2400,2065,2115,2680,2630,2780,1880,2180
"..199",2141.66666666667,2460,2260,2400,2065,2115,2680,2630,2780,1880,2780
"..1100",2286.66666666667,2435,2217.5,2400,2090,2165,2680,2700,2780,1880,2780
"..1101",2275,2435,2217.5,2400,2090,2165,2680,2700,2780,1880,2780
"..1102",2241.66666666667,2435,2217.5,2400,1940,2165,2680,2700,2780,1880,2780
"..1103",2308.33333333333,2435,2317.5,2400,2090,2265,2680,2700,2780,2280,2780
"..1104",2375,2435,2417.5,2400,2115,2290,2680,2700,2780,2280,2780
"..1105",2316.66666666667,2535,2417.5,2280,2315,2410,2980,2780,2980,2280,2780
"..1106",2316.66666666667,2535,2417.5,2280,2315,2410,2980,2780,2980,2280,2780
"..1107",2316.66666666667,2535,2417.5,2280,2315,2410,2980,2780,2980,2280,2780
"..1108",2333.33333333333,2535,2417.5,2280,2315,2425,2980,2780,2980,2280,2980
"..1109",2338.33333333333,2585,2417.5,2280,2315,2425,2980,2780,2980,2280,2990
"..1110",2333.33333333333,2585,2417.5,2280,2340,2425,2980,2780,2980,2280,2990
"..1111",2408.33333333333,2585,2417.5,2280,2340,2425,2980,2780,2980,2280,2990
"..1112",2333.33333333333,2585,2417.5,2280,2340,2425,3380,2780,2980,2280,2990
"..1113",2338.33333333333,2585,2520,2280,2415,2425,3380,2780,2980,2280,2990
"..1114",2355,2585,2445,2280,2465,2425,3380,2780,2980,2280,2990
"..1115",2355,2585,2445,2280,2390,2250,3380,2750,2980,2280,2990
"..1116",2350,2585,2445,2280,2390,2250,3380,2750,2980,2280,2990
"..1117",2355,2585,2445,2280,2390,2250,2980,2750,2980,2280,2990
"..1118",2355,2585,2620,2280,2565,2250,2980,2750,2980,2280,2990
"..1119",2388.33333333333,2710,2520,2500,2565,2250,2980,2740,2980,2280,2990
"..1120",2388.33333333333,2710,2520,2500,2565,2250,2980,2740,2980,2280,2990
"..1121",2388.33333333333,2710,2462.5,2500,2465,2250,2280,2740,2980,2280,2990
"..1122",2235,2685,2562.5,2500,2565,2250,2280,2740,2980,2280,2990
"..1123",2166.66666666667,2685,2562.5,2500,2565,2250,2280,2740,2500,2280,2990
"..1124",2166.66666666667,2585,2562.5,2500,2565,2250,2280,2740,2250,2280,2990
"..1125",2166.66666666667,2585,2562.5,2500,2565,2250,2280,2740,2250,2280,2990
"..1126",2166.66666666667,2585,2562.5,2500,2565,2250,2280,2740,2250,2280,2990
"..1127",2216.66666666667,2585,2562.5,2180,2565,2250,2280,2740,2250,2280,2990
"..1128",2216.66666666667,2585,2562.5,2500,2440,2250,2280,2650,2250,2280,2990
"..1129",2216.66666666667,2560,2367.5,2280,2440,2250,2280,2650,2250,2280,2990
"..1130",2216.66666666667,2560,2367.5,2280,2440,2250,2280,2650,2250,2280,2990
"..1131",2320,2410,2367.5,2500,2390,2250,2280,2650,2250,2280,2990
"..1132",2320,2410,2367.5,2500,2540,2250,2280,2650,2250,2280,2990
"..1133",2233.33333333333,2410,2537.5,2500,2440,2250,2280,2650,2250,2280,2180
"..1134",2320,2410,2537.5,2500,2440,2250,2280,2650,2250,2280,2180
"..1135",2320,2410,2537.5,2500,2440,2250,2280,2650,2250,2280,2180
"..1136",2320,2427.5,2537.5,2500,2532.5,2250,2280,2630,2250,2280,2180
"..1137",2320,2252.5,2385,2500,2457.5,2250,2280,2630,2250,2280,2180
"..1138",2285,2252.5,2385,2500,2457.5,2250,2280,2630,1980,2280,2180
"..1139",2285,2352.5,2385,2500,2457.5,2305,2280,2600,1980,2280,2180
"..1140",2251.66666666667,2352.5,2385,2500,2457.5,2305,2280,2250,1980,2280,2280
"..1141",2251.66666666667,2352.5,2385,2500,2457.5,2305,2280,2250,1980,2280,2280
"..1142",2046.66666666667,2352.5,2302.5,1980,2270,2102.5,2280,2250,1980,1950,2080
"..1143",2046.66666666667,2352.5,2060,1980,2027.5,2102.5,2280,2250,1980,1950,1950
"..1144",2115,2315,2330,1980,2357.5,2177.5,2980,2250,1900,1950,1950
"..1145",2095,2265,2330,1980,2357.5,2177.5,2980,2250,1900,1950,1950
"..1146",2095,2265,2330,2200,2357.5,2177.5,2280,2250,1900,1950,1950
"..1147",2095,2190,2112.5,2200,2282.5,2177.5,2280,2250,1890,1950,1950
"..1148",2095,2265,2112.5,2200,2282.5,2177.5,2280,2250,1890,1950,1950
"..1149",2118.33333333333,2365,2117.5,2200,2315,2102.5,2280,2250,1890,2080,1950
"..1150",2118.33333333333,2365,2117.5,2200,2315,2102.5,2280,2250,1890,2080,1950
"..1151",2118.33333333333,2365,2117.5,2200,2315,2177.5,2280,2250,1890,2080,1950
"..1152",2068.33333333333,2065,2042.5,2200,2240,2027.5,1980,2250,1890,2080,2080
"..1153",2068.33333333333,2065,2042.5,2200,2240,2027.5,1980,2250,2100,1950,1950
"..1154",2056.66666666667,2040,2010,1980,2240,2027.5,1980,2250,2100,1950,1950
"..1155",2056.66666666667,2040,2010,1980,2240,2027.5,1980,2250,2200,1950,1950
"..1156",2156.66666666667,2190,2192.5,1950,2210,2210,2580,2250,2200,2080,1950
"..1157",2111.66666666667,2190,2192.5,1950,2210,2210,2580,2250,1980,2080,1950
"..1158",2106.66666666667,2190,2192.5,1950,2085,2210,2080,2250,1980,2080,2080
"..1159",2023.33333333333,2190,2067.5,1950,2085,2085,2080,2250,2380,2080,2080
"..1160",2045,2390,2337.5,1950,2285,2110,2880,2250,2480,2080,2080
"..1161",2166.66666666667,2165,2287.5,1950,2302.5,2235,2580,2250,2480,2180,2180
"..1162",2166.66666666667,2040,2162.5,2080,2302.5,2110,2080,2250,2480,2180,2180
"..1163",2076.66666666667,2335,2287.5,1980,2235,2085,1950,2250,2480,2180,2180
"..1164",2093.33333333333,2335,2287.5,1980,2235,2085,1950,2250,2180,2180,2180
"..1165",1970,2155,2287.5,1750,2077.5,2002.5,1950,2250,2180,2180,2180
"..1166",1986.66666666667,2055,2187.5,1750,2077.5,2077.5,2180,2160,2180,2180,2180
"..1167",1910,1955,2045,1750,2052.5,2077.5,2080,1700,1700,2180,2280
"..1168",1860,2040,2045,1750,2052.5,2002.5,2080,1700,1700,1980,1980
"..1169",1860,2040,2045,1750,2052.5,2002.5,2080,1700,1700,1980,1980
"..1170",1915,1915,2045,1750,2052.5,2002.5,2080,1700,1700,1980,1980
"..1171",1915,1915,1970,1950,2185,2060,2080,1700,1700,1880,1980
"..1172",1936.66666666667,1915,1970,2080,2060,2060,2080,1700,1700,1880,1980
"..1173",1953.33333333333,2105,2007.5,2080,2060,2060,2080,2570,2180,1880,1980
"..1174",1915,1897.5,1950,2500,2002.5,2002.5,1850,2180,2180,1880,2810
"..1175",1915,1897.5,1950,2080,2002.5,1952.5,1850,2180,2180,1880,2180
"..1176",1915,1897.5,1950,1950,2002.5,1952.5,1850,2180,2180,1880,2180
"..1177",1930,1897.5,1950,1950,2002.5,1952.5,1850,2180,2180,1880,2180
"..1178",1930,1897.5,1950,1950,2002.5,1952.5,1850,2180,2180,1880,2180
"..1179",1830,1947.5,1950,1780,2002.5,1877.5,1850,2180,2080,1770,2180
"..1180",1830,1947.5,1950,1780,1927.5,1877.5,1780,2180,2080,1770,2180
"..1181",1813.33333333333,2030,1962.5,1780,1927.5,1877.5,1780,2180,2080,1770,2180
"..1182",1808.33333333333,2030,1962.5,1780,1927.5,1877.5,1780,2180,1980,1770,2180
"..1183",1808.33333333333,2030,1915,1780,1927.5,1827.5,1780,2180,1980,1770,2180
"..1184",1816.66666666667,1885,1867.5,1780,1960,1990,2280,2180,1980,1580,2180
"..1185",1740,1702.5,1685,1550,1670,1620,1550,2180,1580,1580,1980
"..1186",1601.66666666667,1652.5,1685,1550,1670,1752.5,1550,2180,1580,1580,2180
"..1187",1601.66666666667,1652.5,1685,1550,1670,1752.5,1550,2180,1580,1580,2180
"..1188",1761.66666666667,1910,1792.5,1750,1835,1752.5,1550,2180,1580,1680,2180
"..1189",1783.33333333333,1910,1792.5,1750,1835,1785,1680,2180,1580,1680,2180
"..1190",1683.33333333333,1760,1792.5,1750,1860,1810,1680,2090,1980,1680,2180
"..1191",1683.33333333333,1760,1817.5,1750,1860,1810,1680,2090,1580,1680,2180
"..1192",1683.33333333333,1802.5,1817.5,1750,1860,1810,1680,2090,1580,1680,2180
"..1193",1795,1802.5,1817.5,1600,1790,1785,1680,2090,1580,1680,2250
"..1194",1770,1802.5,1817.5,1600,1790,1785,1680,2090,1580,1680,1680
"..1195",1770,1802.5,1817.5,1600,1790,1690,1680,2090,1580,1680,2250
"..1196",1770,1802.5,1817.5,1600,1765,1690,1680,2090,1580,1680,2250
"..1197",1770,1802.5,1817.5,1600,1765,1690,1680,2090,1580,1680,2250
"..1198",1800,1720,1735,1680,1702.5,1702.5,1650,2090,1580,1650,2360
"..1199",1695,1720,1735,1680,1702.5,1702.5,1650,2090,1580,1650,2360
"..1200",1763.33333333333,1720,1735,1680,1727.5,1702.5,1650,2090,1580,1650,1580
"..1201",1763.33333333333,1720,1707.5,1680,1727.5,1702.5,1650,2180,1580,1650,1580
"..1202",1763.33333333333,1720,1707.5,1680,1727.5,1702.5,1650,2180,1580,1650,1580
"..1203",1491.66666666667,1710,1592.5,1350,1577.5,1527.5,1680,2180,1280,1280,2360
"..1204",1435,1710,1535,1180,1520,1485,1680,2180,1280,1280,2360
"..1205",1416.66666666667,1710,1517.5,1180,1452.5,1485,1680,2180,1280,1280,2360
"..1206",1416.66666666667,1710,1517.5,1180,1410,1485,1680,2180,1280,1280,1280
"..1207",1416.66666666667,1710,1517.5,1180,1410,1485,1680,2180,1280,1280,1280
"..1208",1598.33333333333,1610,1592.5,1250,1402.5,1552.5,1480,2180,1280,1650,1680
"..1209",1461.66666666667,1485,1642.5,1250,1452.5,1602.5,1480,2180,1280,1650,1680
"..1210",1680,1785,1702.5,1250,1660,1602.5,1480,2180,1680,1650,1980
"..1211",1571.66666666667,1785,1702.5,1250,1653.33333333333,1602.5,1480,2180,1680,1650,1980
"..1212",1610,1785,1690,1250,1653.33333333333,1602.5,1680,2180,1680,1650,1980
"..1213",1681.66666666667,1635,1590,1250,1653.33333333333,1710,1680,2150,1680,1650,1830
"..1214",1610,1635,1690,1250,1510,1710,1680,2150,1680,1650,1650
"..1215",1666.66666666667,1735,1690,1680,1660,1710,1680,2150,1680,1650,1650
"..1216",1690,1735,1690,1680,1660,1710,1680,2150,1680,1650,1650
"..1217",1706.66666666667,1735,1690,1680,1660,1710,1680,2150,1580,1650,1650
"..1218",1563.33333333333,1627.5,1762.5,1350,1645,1695,1950,2150,1580,1650,1650
"..1219",1608.33333333333,1627.5,1762.5,1350,1645,1695,1950,2150,1280,1650,1650
"..1220",1648.33333333333,1627.5,1827.5,1350,1645,1695,1950,2290,1880,1650,1650
"..1221",1698.33333333333,1627.5,1855,1350,1695,1695,1950,2290,1980,1650,1650
"..1222",1698.33333333333,1677.5,1855,1350,1695,1695,1950,2290,1980,1650,1650
"..1223",2003.33333333333,1910,1942.5,1850,2002.5,2002.5,2380,2290,1980,1980,2750
"..1224",2046.66666666667,1760,1955,1850,2002.5,1902.5,2380,2290,2280,1980,2750
"..1225",2046.66666666667,1760,1822.5,2050,1920,1895,1980,2290,2280,1980,2790
"..1226",2046.66666666667,1760,1867.5,2050,1920,1895,1980,2500,2380,1980,2790
"..1227",1931.66666666667,1760,1867.5,2050,1920,1895,1980,2500,2380,1980,2350
"..1228",1926.66666666667,1860,1867.5,2080,1977.5,1895,1850,2500,1880,1850,2380
"..1229",1938.33333333333,1960,2025,2080,1970,1895,1850,2450,2380,1850,2380
"..1230",1871.66666666667,1927.5,2025,2080,1945,1895,1850,2450,2380,1850,2380
"..1231",1871.66666666667,1910,2057.5,2080,1977.5,1895,1850,2450,2380,1850,2380
"..1232",1976.66666666667,1852.5,2232.5,2080,2152.5,1895,1850,2450,1880,1850,2380
"..1233",1976.66666666667,1852.5,2122.5,2080,2152.5,1895,1850,1800,1880,1850,2080
"..1234",2098.33333333333,1902.5,2037.5,2080,1945,1895,2580,1800,1880,1850,2080
"..1235",1976.66666666667,1902.5,1962.5,2080,1945,1895,1850,1800,1880,1850,2080
"..1236",1976.66666666667,1952.5,1962.5,2080,2020,1895,1850,1800,2450,1850,2080
"..1237",2181.66666666667,2210,2195,2080,2252.5,2182.5,2580,1800,2450,2050,2080
"..1238",2093.33333333333,2027.5,1965,2480,2070,2000,1850,1800,2000,2050,2080
"..1239",2126.66666666667,1982.5,2125,2380,2070,2120,2050,1800,2100,2050,2380
"..1240",2126.66666666667,1982.5,2125,2380,2070,2120,2050,1800,2100,2050,2380
"..1241",2126.66666666667,1982.5,2125,2380,2070,2120,2050,1800,2100,2050,2380
"..1242",1943.33333333333,1882.5,2132.5,1880,1995,1995,2050,1800,2380,2050,2530
"..1243",1943.33333333333,1882.5,2022.5,1880,1995,1995,2050,1800,1980,2050,2080
"..1244",1943.33333333333,2165,2177.5,1880,2177.5,1995,2050,1800,1980,2050,2080
"..1245",1943.33333333333,2165,2177.5,1880,2177.5,1995,2050,1800,1980,2050,2080
"..1246",1943.33333333333,2165,2177.5,1880,2177.5,1995,2050,1800,1980,2050,2080
"..1247",2041.66666666667,1907.5,2177.5,2180,2070,2070,2050,1800,1980,2050,1880
"..1248",2041.66666666667,1907.5,2060.5,2180,2070,2070,2050,1800,1980,2050,1880
"..1249",1991.66666666667,1982.5,2102.5,2180,2020,2045,2050,1800,2100,2050,1880
"..1250",2020,1982.5,2102.5,2180,2020,2037.5,2050,1800,1980,2050,1880
"..1251",2020,1982.5,2077.5,2180,2020,2037.5,2050,1800,1980,2050,1880
"..1252",1975,1840,2010,2280,1952.5,1902.5,1980,1800,1980,1850,2380
"..1253",1953.33333333333,1807.5,1977.5,2280,1920,1870,1850,1800,1980,1850,2380
"..1254",1913.33333333333,1795,1977.5,2050,1920,1870,1850,1800,1980,1850,2380
"..1255",1913.33333333333,1795,1977.5,2050,1920,1870,1850,1800,1880,1850,2380
"..1256",1835,1795,1977.5,2050,1770,1870,1850,1800,1880,1850,2380
"..1257",1666.66666666667,1802.5,1842.5,1580,1635,1685,1680,1800,1880,1480,1680
"..1258",1616.66666666667,1760,1842.5,1580,1635,1660,1580,1680,1600,1480,1580
"..1259",1616.66666666667,1860,1792.5,1580,1635,1660,1580,1680,1600,1480,2380
"..1260",1616.66666666667,1860,1742.5,1580,1635,1660,1580,1800,1480,1480,2380
"..1261",1616.66666666667,1760,1742.5,1580,1635,1660,1580,1800,1480,1480,2380
"..1262",1890,1810,1860,2050,1785,1870,1880,1800,1480,1650,1880
"..1263",1776.66666666667,1772.5,1822.5,1850,1752.5,1832.5,1880,1800,1480,1650,1570
"..1264",1776.66666666667,1910,1860,2050,1820,1832.5,1880,1800,1980,1780,1880
"..1265",1776.66666666667,1747.5,1807.5,2050,1782.5,1832.5,1730,1800,1980,2180,1880
"..1266",1776.66666666667,1747.5,1807.5,2050,1782.5,1832.5,1730,1800,1980,1750,1770
"..1267",1865,1772.5,1802.5,2150,1782.5,1832.5,1730,1800,1980,1750,1770
"..1268",1865,1735,1802.5,2050,1782.5,1832.5,1730,1800,1980,1750,1770
"..1269",1710,1753.33333333333,1860,1865,1760,1866.66666666667,1730,1730,1770,1625,1770
"..1270",1600,1553.33333333333,1840,1735,1760,1800,1730,1730,1670,1625,1770
"..1271",1600,1603.33333333333,1840,1735,1760,1800,1480,1650,1670,1625,1770
"..1272",1578.57142857143,1803.33333333333,1753.33333333333,1735,1710,1800,1580,1650,1620,1625,1640
"..1273",1604.28571428571,1803.33333333333,1803.33333333333,1735,1760,1800,1580,1650,1590,1625,1640
"..1274",1625.71428571429,1770,1803.33333333333,1735,1760,1800,1580,1650,1590,1625,1640
"..1275",1530,1686.66666666667,1596.66666666667,1745,1553.33333333333,1710,1480,1650,1640,1440,1900
"..1276",1515.71428571429,1686.66666666667,1580,1695,1553.33333333333,1710,1480,1665,1640,1440,1380
"..1277",1515.71428571429,1720,1580,1695,1553.33333333333,1710,1480,1665,1640,1440,1380
"..1278",1515.71428571429,1686.66666666667,1580,1695,1553.33333333333,1710,1480,1665,1685,1440,1380
"..1279",1515.71428571429,1686.66666666667,1580,1695,1553.33333333333,1710,1480,1665,1685,1440,1380
"..1280",1522.85714285714,1506.66666666667,1786.66666666667,1460,1770,1553.33333333333,1730,1665,1685,1625,2040
"..1281",1522.85714285714,1570,1786.66666666667,1460,1770,1676.66666666667,1730,1665,1685,1625,2040
"..1282",1537.14285714286,1636.66666666667,1786.66666666667,1460,1770,1676.66666666667,1730,1665,1685,1625,2040
"..1283",1537.14285714286,1636.66666666667,1786.66666666667,1460,1770,1676.66666666667,1730,1665,1685,1625,2040
"..1284",1551.42857142857,1636.66666666667,1786.66666666667,1460,1770,1676.66666666667,1730,1665,1685,1625,2040
"..1285",1608.57142857143,1770,1786.66666666667,1660,1793.33333333333,1816.66666666667,1730,1665,1685,1625,2040
"..1286",1608.57142857143,1736.66666666667,1786.66666666667,1660,1793.33333333333,1750,1730,1665,1685,1625,2040
"..1287",1611.42857142857,1570,1786.66666666667,1660,1760,1750,1730,1665,1685,1625,2040
"..1288",1611.42857142857,1770,1786.66666666667,1660,1760,1750,1730,1665,1685,1625,2040
"..1289",1540,1770,1786.66666666667,1420,1760,1393.33333333333,1730,1665,1685,1340,2040
"..1290",1394.28571428571,1553.33333333333,1546.66666666667,1420,1520,1393.33333333333,1580,1665,1535,1340,1180
"..1291",1394.28571428571,1820,1646.66666666667,1375,1620,1393.33333333333,1880,1665,1485,1340,1180
"..1292",1394.28571428571,1820,1646.66666666667,1375,1620,1393.33333333333,1880,1665,1485,1340,1180
"..1293",1394.28571428571,1820,1646.66666666667,1375,1620,1393.33333333333,1880,1680,1485,1340,1180
"..1294",1587.14285714286,1686.66666666667,1846.66666666667,1615,1810,1743.33333333333,1880,1650,1440,1625,2070
"..1295",1587.14285714286,1686.66666666667,1846.66666666667,1615,1776.66666666667,1743.33333333333,1880,1650,1440,1625,2070
"..1296",1630,1770,1786.66666666667,1615,1726.66666666667,1676.66666666667,1750,1650,1740,1625,2070
"..1297",1630,1770,1786.66666666667,1615,1726.66666666667,1676.66666666667,1750,1650,1740,1625,2070
"..1298",1630,1770,1786.66666666667,1615,1726.66666666667,1676.66666666667,1750,1650,1690,1625,2070
"..1299",1485.71428571429,1383.33333333333,1600,1465,1540,1643.33333333333,1170,1650,1690,1625,2070
"..1300",1485.71428571429,1383.33333333333,1600,1465,1540,1643.33333333333,1170,1650,1650,1625,2070
"..1301",1587.14285714286,1703.33333333333,1786.66666666667,1465,1776.66666666667,1643.33333333333,1730,1650,1650,1625,1880
"..1302",1565.71428571429,1753.33333333333,1786.66666666667,1465,1776.66666666667,1643.33333333333,1730,1650,1650,1625,1880
"..1303",1637.14285714286,1820,1786.66666666667,1465,1776.66666666667,1643.33333333333,1730,1650,1650,1625,1880
"..1304",1701.42857142857,1820,1836.66666666667,1615,1776.66666666667,1743.33333333333,1880,1650,1650,1625,2250
"..1305",1611.42857142857,1553.33333333333,1836.66666666667,1615,1776.66666666667,1743.33333333333,1880,1650,1650,1625,2250
"..1306",1592.85714285714,1776.66666666667,1793.33333333333,1615,1776.66666666667,1743.33333333333,1750,1650,1650,1625,2250
"..1307",1664.28571428571,1710,1793.33333333333,1615,1733.33333333333,1743.33333333333,1750,1650,1670,1625,2250
"..1308",1607.14285714286,1710,1793.33333333333,1615,1733.33333333333,1743.33333333333,1750,1650,1670,1625,2250
"..1309",1568.57142857143,1486.66666666667,1703.33333333333,1615,1643.33333333333,1743.33333333333,1480,1650,1470,1625,1650
"..1310",1568.57142857143,1486.66666666667,1703.33333333333,1615,1643.33333333333,1743.33333333333,1480,1650,1470,1625,1650
"..1311",1582.85714285714,1486.66666666667,1703.33333333333,1615,1643.33333333333,1743.33333333333,1480,1650,1470,1625,1650
"..1312",1568.57142857143,1486.66666666667,1703.33333333333,1615,1643.33333333333,1743.33333333333,1480,1650,1470,1625,1650
"..1313",1625.71428571429,1486.66666666667,1703.33333333333,1575,1643.33333333333,1753.33333333333,1480,1650,1470,1625,1650
"..1314",1447.14285714286,1486.66666666667,1463.33333333333,1285,1420,1326.66666666667,1480,1650,1470,1290,1280
"..1315",1447.14285714286,1486.66666666667,1463.33333333333,1285,1420,1326.66666666667,1480,1650,1470,1290,1280
"..1316",1390,1486.66666666667,1463.33333333333,1285,1420,1326.66666666667,1480,1650,1470,1290,1280
"..1317",1390,1486.66666666667,1463.33333333333,1285,1420,1326.66666666667,1480,1650,1470,1290,1280
"..1318",1528.57142857143,1486.66666666667,1686.66666666667,1425,1643.33333333333,1750,1480,1650,1470,1625,1880
"..1319",1528.57142857143,1486.66666666667,1686.66666666667,1585,1643.33333333333,1750,1480,1650,1470,1625,1780
"..1320",1554.28571428571,1653.33333333333,1686.66666666667,1585,1643.33333333333,1750,1480,1650,1670,1625,1780
"..1321",1554.28571428571,1653.33333333333,1686.66666666667,1475,1643.33333333333,1750,1480,1650,1670,1625,1780
"..1322",1611.42857142857,1653.33333333333,1686.66666666667,1475,1643.33333333333,1626.66666666667,1480,1650,1635,1625,1780
"..1323",1654.28571428571,1743.33333333333,1776.66666666667,1510,1733.33333333333,1700,1750,1650,1635,1625,1780
"..1324",1650,1743.33333333333,1776.66666666667,1510,1733.33333333333,1700,1750,1650,1635,1625,1780
"..1325",1592.85714285714,1543.33333333333,1776.66666666667,1510,1733.33333333333,1700,1750,1650,1635,1625,1680
"..1326",1592.85714285714,1543.33333333333,1776.66666666667,1510,1733.33333333333,1700,1750,1650,1635,1625,1680
"..1327",1625.71428571429,1820,1853.33333333333,1510,1810,1700,1750,1650,1635,1625,1680
"..1328",1587.14285714286,1720,1853.33333333333,1425,1776.66666666667,1643.33333333333,1980,1650,1450,1625,1750
"..1329",1587.14285714286,1720,1853.33333333333,1425,1776.66666666667,1643.33333333333,1980,1650,1450,1625,1450
"..1330",1554.28571428571,1743.33333333333,1776.66666666667,1425,1776.66666666667,1643.33333333333,1750,1650,1450,1625,1680
"..1331",1525.71428571429,1610,1776.66666666667,1525,1700,1733.33333333333,1750,1650,1445,1625,1680
"..1332",1564.28571428571,1610,1753.33333333333,1560,1700,1733.33333333333,1750,1650,1445,1625,1680
"..1333",1564.28571428571,1610,1753.33333333333,1560,1700,1733.33333333333,1750,1650,1445,1625,1680
"..1334",1564.28571428571,1610,1776.66666666667,1560,1700,1733.33333333333,1750,1650,1445,1625,1680
"..1335",1564.28571428571,1610,1776.66666666667,1560,1700,1733.33333333333,1750,1650,1765,1625,1680
"..1336",1650,1610,1776.66666666667,1575,1700,1733.33333333333,1750,1650,1715,1625,1680
"..1337",1548.57142857143,1486.66666666667,1596.66666666667,1575,1520,1643.33333333333,1480,1650,1515,1490,1480
"..1338",1548.57142857143,1486.66666666667,1596.66666666667,1575,1486.66666666667,1653.33333333333,1480,1650,1515,1490,1480
"..1339",1605.71428571429,1486.66666666667,1596.66666666667,1575,1486.66666666667,1653.33333333333,1480,1650,1715,1490,1480
"..1340",1562.85714285714,1486.66666666667,1596.66666666667,1575,1486.66666666667,1653.33333333333,1480,1650,1730,1475,1480
"..1341",1562.85714285714,1486.66666666667,1596.66666666667,1575,1486.66666666667,1653.33333333333,1480,1650,1730,1490,1480
"..1342",1630,1576.66666666667,1786.66666666667,1425,1666.66666666667,1553.33333333333,1750,1650,1730,1625,2250
"..1343",1601.42857142857,1576.66666666667,1786.66666666667,1425,1666.66666666667,1553.33333333333,1750,1650,1730,1625,2250
"..1344",1597.14285714286,1576.66666666667,1786.66666666667,1425,1666.66666666667,1643.33333333333,1750,1650,1780,1625,2250
"..1345",1678.57142857143,1576.66666666667,1786.66666666667,1425,1666.66666666667,1643.33333333333,1750,1650,1780,1625,2250
"..1346",1650,1576.66666666667,1786.66666666667,1495,1666.66666666667,1643.33333333333,1750,1650,1895,1625,2250
"..1347",1731.42857142857,1676.66666666667,1810,1980,1700,1716.66666666667,1750,1650,1960,1675,2250
"..1348",1731.42857142857,1676.66666666667,1810,1980,1700,1783.33333333333,1750,1650,1960,1675,2250
"..1349",1821.42857142857,1886.66666666667,1810,1980,1766.66666666667,1983.33333333333,1750,1795,2060,1675,2250
"..1350",1850,1886.66666666667,1810,1980,1800,1833.33333333333,1750,1825,2015,1840,2250
"..1351",1882.85714285714,1843.33333333333,1916.66666666667,1980,1866.66666666667,1866.66666666667,1980,1825,2015,1890,2390
"..1352",1860,1843.33333333333,1916.66666666667,1980,1833.33333333333,1866.66666666667,1850,1705,1915,1840,2250
"..1353",1921.42857142857,1843.33333333333,1916.66666666667,2080,1943.33333333333,1866.66666666667,1850,1705,1915,1895,2250
"..1354",1874.28571428571,1843.33333333333,1916.66666666667,1980,1833.33333333333,1833.33333333333,1850,1725,2070,1895,2250
"..1355",1817.14285714286,1843.33333333333,1883.33333333333,1980,1833.33333333333,1833.33333333333,1850,1725,1970,1925,2250
"..1356",1817.14285714286,1843.33333333333,1883.33333333333,1980,1833.33333333333,1833.33333333333,1850,1725,2005,1925,2250
"..1357",1874.28571428571,1976.66666666667,1883.33333333333,1980,1833.33333333333,1833.33333333333,1850,1725,2005,1925,2250
"..1358",1874.28571428571,1910,1883.33333333333,1980,1833.33333333333,1833.33333333333,1850,1725,2005,1925,2250
"..1359",1874.28571428571,1910,1883.33333333333,1980,1833.33333333333,1833.33333333333,1850,1725,2005,1925,2250
"..1360",1825.71428571429,1820,1826.66666666667,1895,1683.33333333333,1776.66666666667,1580,1725,2005,1925,2390
"..1361",1825.71428571429,1753.33333333333,1826.66666666667,1895,1683.33333333333,1810,1580,1725,1990,1925,2180
"..1362",1850,1753.33333333333,1793.33333333333,1980,1716.66666666667,1866.66666666667,1580,1725,1990,1975,2180
"..1363",1850,1753.33333333333,1793.33333333333,1980,1716.66666666667,1866.66666666667,1580,1695,1990,1975,2180
"..1364",1850,1753.33333333333,1793.33333333333,1980,1716.66666666667,1866.66666666667,1580,1695,1920,1975,2180
"..1365",1950,1753.33333333333,1793.33333333333,1980,1716.66666666667,1866.66666666667,1580,1695,1920,1975,2180
"..1366",1950,1753.33333333333,1793.33333333333,1980,1716.66666666667,1866.66666666667,1580,1695,1920,1975,2180
"..1367",1978.57142857143,1753.33333333333,1826.66666666667,1980,1716.66666666667,1866.66666666667,2880,1695,1920,1975,2180
"..1368",1942.85714285714,2086.66666666667,2160,1955,1716.66666666667,1866.66666666667,2580,1695,1920,1975,2390
"..1369",1910,1876.66666666667,1950,1955,1716.66666666667,1866.66666666667,2580,1695,1920,1975,2390
"..1370",1885.71428571429,1876.66666666667,1950,1870,1716.66666666667,1810,2580,1695,1920,1975,2390
"..1371",1885.71428571429,1876.66666666667,1950,1870,1716.66666666667,1810,1950,1695,1920,1975,2390
"..1372",1868.57142857143,1876.66666666667,1893.33333333333,1870,1716.66666666667,1810,1950,1695,1920,1975,2350
"..1373",1868.57142857143,1876.66666666667,1893.33333333333,1870,1716.66666666667,1810,1950,1695,1920,1975,2350
"..1374",1868.57142857143,1876.66666666667,1893.33333333333,1810,1716.66666666667,1810,1950,1695,1920,1975,2350
"..1375",1892.85714285714,1743.33333333333,1893.33333333333,1945,1716.66666666667,1900,1950,1695,1870,1975,2350
"..1376",1892.85714285714,1743.33333333333,1893.33333333333,1945,1716.66666666667,1900,1950,1695,1870,1975,2350
"..1377",1835.71428571429,1743.33333333333,1950,1945,1716.66666666667,1900,1950,1795,1855,1975,2350
"..1378",1917.14285714286,1876.66666666667,1950,1945,1716.66666666667,1900,1950,1795,1855,1975,2350
"..1379",1804.28571428571,1876.66666666667,1950,1750,1716.66666666667,1770,1950,1795,1855,1975,2350
"..1380",1804.28571428571,1876.66666666667,1950,1750,1716.66666666667,1770,1950,1795,1855,1975,2350
"..1381",1804.28571428571,1876.66666666667,1950,1750,1900,1770,1950,1795,1855,1975,2350
"..1382",1860,1876.66666666667,1950,1945,2143.33333333333,1770,1950,1795,2255,1975,2350
"..1383",1860,1876.66666666667,1950,1945,1910,1900,1950,1795,1865,1975,2350
"..1384",1860,1876.66666666667,1950,1945,1900,1900,1950,1795,1850,1975,2350
"..1385",1860,1776.66666666667,1950,1945,1900,1900,1950,1655,1850,1975,2350
"..1386",1860,1776.66666666667,1950,1945,1900,1900,1950,1655,1885,1975,2350
"..1387",1842.85714285714,1776.66666666667,1950,1945,1900,1900,1950,1655,1885,1975,2350
"..1388",1832.85714285714,1776.66666666667,1950,1945,1900,1900,1950,1655,1865,1975,2350
"..1389",1832.85714285714,1876.66666666667,1950,1945,1900,1900,1950,1655,1865,1975,2350
"..1390",1741.42857142857,1776.66666666667,1793.33333333333,1860,1743.33333333333,1686.66666666667,1950,1655,1865,1740,2350
"..1391",1741.42857142857,1810,1793.33333333333,1860,1743.33333333333,1686.66666666667,1950,1655,1865,1740,2350
"..1392",1741.42857142857,1810,1793.33333333333,1830,1900,1686.66666666667,1950,1655,1865,1975,2350
"..1393",1741.42857142857,1810,1793.33333333333,1830,1743.33333333333,1686.66666666667,1950,1655,1865,1740,2350
"..1394",1702.85714285714,1810,1793.33333333333,1830,1743.33333333333,1686.66666666667,1950,1745,1865,1740,2350
"..1395",1641.42857142857,1853.33333333333,1760,1680,1743.33333333333,1710,1480,1745,1920,1925,2350
"..1396",1641.42857142857,1853.33333333333,1760,1680,1743.33333333333,1710,1480,1745,1920,1925,2350
"..1397",1611.42857142857,1720,1726.66666666667,1680,1743.33333333333,1710,1480,1745,1920,1925,2350
"..1398",1640,1720,1760,1680,1743.33333333333,1710,1480,1745,1920,1925,2390
"..1399",1625.71428571429,1720,1760,1625,1743.33333333333,1710,1480,1810,1920,1925,2390
"..1400",1678.57142857143,1520,1760,1810,1743.33333333333,1833.33333333333,1480,1745,1920,1925,2390
"..1401",1678.57142857143,1520,1760,1810,1743.33333333333,1833.33333333333,1480,1730,1870,1925,2390
"..1402",1684.28571428571,1520,1760,1625,1710,1833.33333333333,1480,1730,1870,1925,2390
"..1403",1684.28571428571,1520,1760,1810,1710,1833.33333333333,1480,1730,1920,1925,2390
"..1404",1660,1720,1760,1725,1710,1776.66666666667,1480,1680,1920,1925,2390
"..1405",1660,1720,1760,1725,1710,1776.66666666667,1480,1695,1920,1925,2390
"..1406",1702.85714285714,1720,1760,1725,1710,1776.66666666667,1480,1695,1920,1925,2390
"..1407",1711.42857142857,1653.33333333333,1760,1725,1710,1776.66666666667,1480,1695,1970,1925,2390
"..1408",1682.85714285714,1653.33333333333,1760,1725,1710,1776.66666666667,1480,1695,1970,1925,2390
"..1409",1734.28571428571,1653.33333333333,1760,1865,1710,1833.33333333333,1480,1695,1970,1925,2390
"..1410",1734.28571428571,1653.33333333333,1760,1865,1710,1833.33333333333,1480,1695,1970,1925,2390
"..1411",1702.85714285714,1653.33333333333,1670,1865,1710,1916.66666666667,1480,1695,1970,1975,2390
"..1412",1702.85714285714,1653.33333333333,1670,1865,1710,1793.33333333333,1480,1695,1970,1975,2390
"..1413",1681.42857142857,1653.33333333333,1670,1865,1620,1743.33333333333,1480,1695,1970,1790,2390
"..1414",1748.57142857143,1743.33333333333,1826.66666666667,1865,1875,1760,1950,1745,1970,1790,2390
"..1415",1748.57142857143,1743.33333333333,1826.66666666667,1865,1776.66666666667,1760,1950,1745,1970,1790,2390
"..1416",1748.57142857143,1743.33333333333,1826.66666666667,1865,1776.66666666667,1760,1950,1745,1970,1790,2390
"..1417",1748.57142857143,1743.33333333333,1826.66666666667,1865,1776.66666666667,1760,1950,1745,1970,1735,2390
"..1418",1807.14285714286,1743.33333333333,1826.66666666667,1865,1776.66666666667,1760,1950,1745,1970,1920,2390
"..1419",1788.57142857143,1710,1893.33333333333,1705,1833.33333333333,1776.66666666667,1950,1745,1870,1820,2390
"..1420",1778.57142857143,1710,1893.33333333333,1705,1833.33333333333,1776.66666666667,1950,1745,1870,1820,2180
"..1421",1778.57142857143,1710,1893.33333333333,1705,1833.33333333333,1710,1950,1745,1970,1820,2180
"..1422",1778.57142857143,1710,1893.33333333333,1705,1833.33333333333,1710,1950,1745,1895,1820,2180
"..1423",1770,1710,1893.33333333333,1705,1833.33333333333,1710,1950,1715,1895,1820,2180
"..1424",1758.57142857143,1726.66666666667,1810,1805,1750,1733.33333333333,1850,1715,1895,1820,2180
"..1425",1758.57142857143,1626.66666666667,1810,1805,1750,1733.33333333333,1700,1665,1895,1820,2180
"..1426",1744.28571428571,1626.66666666667,1810,1805,1750,1733.33333333333,1700,1665,1845,1820,2180
"..1427",1744.28571428571,1726.66666666667,1810,1805,1750,1733.33333333333,1700,1665,1845,1820,2180
"..1428",1744.28571428571,1726.66666666667,1810,1805,1750,1733.33333333333,1700,1665,1845,1820,2180
"..1429",1631.42857142857,1886.66666666667,1703.33333333333,1650,1653.33333333333,1653.33333333333,1680,1665,1845,1685,1480
"..1430",1617.14285714286,1820,1770,1650,1720,1653.33333333333,1880,1595,1780,1685,1480
"..1431",1558.57142857143,1786.66666666667,1703.33333333333,1650,1653.33333333333,1686.66666666667,1680,1595,1780,1685,1480
"..1432",1558.57142857143,1786.66666666667,1703.33333333333,1650,1653.33333333333,1686.66666666667,1680,1595,1780,1685,1480
"..1433",1558.57142857143,1686.66666666667,1703.33333333333,1650,1653.33333333333,1686.66666666667,1680,1595,1765,1685,1480
"..1434",1550,1686.66666666667,1790,1500,1720,1576.66666666667,1680,1595,1765,1795,2110
"..1435",1550,1686.66666666667,1790,1585,1720,1600,1680,1595,1765,1795,2110
"..1436",1521.42857142857,1620,1660,1585,1610,1650,1480,1915,1930,1720,1780
"..1437",1564.28571428571,1486.66666666667,1660,1560,1610,1676.66666666667,1480,1915,1780,1720,2110
"..1438",1564.28571428571,1486.66666666667,1660,1560,1610,1676.66666666667,1480,1915,1780,1720,1780
"..1439",1507.14285714286,1486.66666666667,1660,1560,1576.66666666667,1676.66666666667,1480,1915,1780,1720,2040
"..1440",1488.57142857143,1486.66666666667,1660,1560,1576.66666666667,1676.66666666667,1480,1845,1745,1635,2040
"..1441",1484.28571428571,1486.66666666667,1660,1560,1576.66666666667,1676.66666666667,1480,1845,1745,1635,2040
"..1442",1460,1353.33333333333,1716.66666666667,1610,1543.33333333333,1610,1480,1845,1595,1635,2040
"..1443",1474.28571428571,1353.33333333333,1716.66666666667,1610,1543.33333333333,1610,1480,1845,1595,1635,2040
"..1444",1431.42857142857,1520,1716.66666666667,1610,1543.33333333333,1610,1480,1845,1645,1635,2040
"..1445",1445.71428571429,1520,1716.66666666667,1580,1543.33333333333,1610,1480,1845,1645,1580,2040
"..1446",1445.71428571429,1453.33333333333,1716.66666666667,1580,1543.33333333333,1640,1480,1845,1645,1580,2040
"..1447",1402.85714285714,1353.33333333333,1603.33333333333,1525,1520,1675,1380,1845,1645,1580,2040
"..1448",1402.85714285714,1353.33333333333,1603.33333333333,1525,1520,1640,1380,1390,1645,1580,2040
"..1449",1394.28571428571,1453.33333333333,1443.33333333333,1575,1453.33333333333,1640,1380,1390,1645,1580,2040
"..1450",1394.28571428571,1453.33333333333,1443.33333333333,1575,1453.33333333333,1640,1380,1390,1580,1580,2040
"..1451",1387.14285714286,1420,1443.33333333333,1575,1453.33333333333,1640,1380,1390,1580,1530,2040
"..1452",1061.42857142857,1243.33333333333,1050,1170,1060,1156.66666666667,850,1240,1580,1220,1080
"..1453",1060,1243.33333333333,1050,1165,1060,1156.66666666667,850,1240,1580,1220,1080
"..1454",1060,1243.33333333333,1050,1165,1060,1156.66666666667,850,1165,1580,1220,1080
"..1455",1057.14285714286,1236.66666666667,1050,1165,1060,1156.66666666667,830,1165,1580,1220,1080
"..1456",1057.14285714286,1236.66666666667,1050,1165,1020,1156.66666666667,830,1165,1580,1220,1080
"..1457",1327.14285714286,1323.33333333333,1466.66666666667,1575,1425,1373.33333333333,1450,1165,1205,1545,2040
"..1458",1331.42857142857,1333.33333333333,1466.66666666667,1575,1453.33333333333,1576.66666666667,1450,1165,1205,1545,2040
"..1459",1352.85714285714,1420,1466.66666666667,1575,1453.33333333333,1576.66666666667,1480,1490,1545,1545,1970
"..1460",1338.57142857143,1420,1476.66666666667,1575,1453.33333333333,1576.66666666667,1480,1490,1495,1545,1970
"..1461",1338.57142857143,1420,1476.66666666667,1575,1453.33333333333,1576.66666666667,1480,1490,1495,1545,1970
"..1462",1321.42857142857,1543.33333333333,1476.66666666667,1475,1453.33333333333,1520,1480,1325,1495,1545,1970
"..1463",1321.42857142857,1543.33333333333,1476.66666666667,1475,1453.33333333333,1520,1480,1325,1495,1545,1970
"..1464",1321.42857142857,1543.33333333333,1476.66666666667,1500,1453.33333333333,1520,1480,1325,1495,1545,1970
"..1465",1321.42857142857,1543.33333333333,1476.66666666667,1500,1453.33333333333,1520,1480,1325,1495,1545,1970
"..1466",1278.57142857143,1543.33333333333,1476.66666666667,1500,1453.33333333333,1520,1480,1325,1595,1480,1970
"..1467",1317.14285714286,1543.33333333333,1443.33333333333,1400,1420,1476.66666666667,1480,1325,1595,1430,1970
"..1468",1302.85714285714,1520,1443.33333333333,1400,1420,1476.66666666667,1480,1325,1595,1430,1970
"..1469",1345.71428571429,1563.33333333333,1443.33333333333,1400,1420,1476.66666666667,1480,1710,1595,1430,1970
"..1470",1345.71428571429,1563.33333333333,1443.33333333333,1400,1420,1476.66666666667,1480,1710,1615,1430,1970
"..1471",1345.71428571429,1563.33333333333,1443.33333333333,1400,1420,1476.66666666667,1480,1710,1615,1430,1970
"..1472",1421.42857142857,1563.33333333333,1476.66666666667,1565,1453.33333333333,1543.33333333333,1380,1725,1515,1480,1970
"..1473",1421.42857142857,1520,1476.66666666667,1640,1453.33333333333,1543.33333333333,1380,1725,1515,1480,1570
"..1474",1450,1563.33333333333,1476.66666666667,1590,1453.33333333333,1543.33333333333,1380,1510,1515,1480,1970
"..1475",1435.71428571429,1563.33333333333,1476.66666666667,1590,1486.66666666667,1543.33333333333,1380,1490,1540,1480,1570
"..1476",1464.28571428571,1520,1476.66666666667,1590,1486.66666666667,1543.33333333333,1380,1490,1540,1480,1570
"..1477",1407.14285714286,1520,1476.66666666667,1440,1486.66666666667,1520,1380,1490,1540,1480,1970
"..1478",1407.14285714286,1520,1476.66666666667,1440,1486.66666666667,1520,1380,1490,1540,1480,1970
"..1479",1378.57142857143,1520,1476.66666666667,1440,1486.66666666667,1520,1380,1490,1690,1480,1970
"..1480",1378.57142857143,1520,1476.66666666667,1440,1486.66666666667,1520,1380,1490,1690,1480,1970
"..1481",1378.57142857143,1520,1476.66666666667,1440,1486.66666666667,1520,1380,1490,1690,1480,1970
"..1482",1411.42857142857,1460,1473.33333333333,1475,1483.33333333333,1543.33333333333,1470,1725,1690,1480,1970
"..1483",1425.71428571429,1460,1473.33333333333,1475,1483.33333333333,1743.33333333333,1470,1725,1690,1480,1970
"..1484",1468.57142857143,1460,1473.33333333333,1475,1483.33333333333,1743.33333333333,1470,1725,1690,1480,1970
"..1485",1468.57142857143,1460,1473.33333333333,1475,1483.33333333333,1543.33333333333,1470,1725,1690,1515,1970
"..1486",1511.42857142857,1460,1473.33333333333,1475,1483.33333333333,1543.33333333333,1470,1725,1690,1515,1970
"..1487",1452.85714285714,1436.66666666667,1350,1590,1360,1620,1400,1725,1590,1365,1970
"..1488",1452.85714285714,1436.66666666667,1350,1590,1360,1520,1400,1725,1590,1365,1970
"..1489",1421.42857142857,1430,1276.66666666667,1590,1286.66666666667,1520,1180,1725,1440,1365,2320
"..1490",1421.42857142857,1420,1276.66666666667,1590,1286.66666666667,1520,1180,1725,1440,1365,2320
"..1491",1378.57142857143,1430,1376.66666666667,1390,1386.66666666667,1386.66666666667,1480,1725,1595,1365,2320
"..1492",1421.42857142857,1430,1376.66666666667,1390,1386.66666666667,1386.66666666667,1480,1725,1595,1450,1550
"..1493",1335.71428571429,1430,1393.33333333333,1390,1403.33333333333,1503.33333333333,1480,1725,1595,1540,1550
"..1494",1335.71428571429,1430,1493.33333333333,1390,1503.33333333333,1503.33333333333,1480,1725,1595,1540,2320
"..1495",1524.28571428571,1463.33333333333,1493.33333333333,1625,1503.33333333333,1660,1480,1725,1595,1540,2320
"..1496",1502.85714285714,1463.33333333333,1493.33333333333,1625,1503.33333333333,1660,1480,1725,1595,1540,1750
"..1497",1524.28571428571,1430,1493.33333333333,1440,1503.33333333333,1660,1480,1680,1595,1540,1680
"..1498",1490,1430,1493.33333333333,1640,1503.33333333333,1660,1480,1680,1690,1540,1680
"..1499",1511.42857142857,1353.33333333333,1493.33333333333,1625,1503.33333333333,1670,1480,1680,1690,1540,1680
"..1500",1440,1353.33333333333,1326.66666666667,1625,1336.66666666667,1503.33333333333,1480,1680,1690,1290,1480
"..1501",1440,1530,1326.66666666667,1625,1336.66666666667,1503.33333333333,1480,1680,1690,1290,1480
"..1502",1440,1530,1326.66666666667,1625,1336.66666666667,1503.33333333333,1480,1680,1690,1290,1480
"..1503",1440,1530,1326.66666666667,1625,1336.66666666667,1503.33333333333,1480,1680,1690,1290,1480
"..1504",1345.71428571429,1520,1326.66666666667,1295,1336.66666666667,1273.33333333333,1480,1360,1690,1290,1480
"..1505",1317.14285714286,1520,1493.33333333333,1295,1336.66666666667,1456.66666666667,1480,1360,1690,1540,1480
"..1506",1374.28571428571,1520,1493.33333333333,1295,1503.33333333333,1456.66666666667,1480,1360,1590,1540,1280
"..1507",1374.28571428571,1536.66666666667,1493.33333333333,1295,1520,1456.66666666667,1530,1360,1590,1540,1280
"..1508",1365.71428571429,1546.66666666667,1493.33333333333,1295,1520,1456.66666666667,1530,1360,1590,1540,1280
"..1509",1445.71428571429,1380,1510,1550,1520,1660,1530,1360,1590,1540,1280
"..1510",1445.71428571429,1380,1510,1550,1520,1643.33333333333,1530,1360,1590,1540,1680
"..1511",1458.57142857143,1380,1510,1550,1520,1543.33333333333,1530,1690,1565,1540,1680
"..1512",1458.57142857143,1536.66666666667,1510,1550,1520,1593.33333333333,1530,1690,1565,1540,1680
"..1513",1458.57142857143,1546.66666666667,1510,1550,1520,1593.33333333333,1530,1690,1565,1540,1680
"..1514",1362.85714285714,1353.33333333333,1326.66666666667,1550,1336.66666666667,1593.33333333333,980,1690,1525,1540,1650
"..1515",1337.14285714286,1353.33333333333,1266.66666666667,1575,1336.66666666667,1566.66666666667,980,1690,1505,1450,1980
"..1516",1294.28571428571,1363.33333333333,1140,1550,1150,1440,980,1690,1505,1260,1980
"..1517",1294.28571428571,1363.33333333333,1140,1550,1150,1440,980,1690,1505,1260,1980
"..1518",1234.28571428571,1353.33333333333,1140,1365,1150,1316.66666666667,980,1560,1505,1260,1980
"..1519",1312.85714285714,1536.66666666667,1323.33333333333,1365,1333.33333333333,1316.66666666667,1530,1560,1505,1260,1980
"..1520",1312.85714285714,1536.66666666667,1323.33333333333,1365,1520,1316.66666666667,1530,1560,1505,1200,1180
"..1521",1381.42857142857,1536.66666666667,1460,1550,1470,1440,1530,1560,1445,1305,1950
"..1522",1367.14285714286,1536.66666666667,1460,1550,1470,1440,1530,1560,1445,1405,1950
"..1523",1367.14285714286,1480,1460,1525,1470,1440,1530,1560,1445,1405,1580
"..1524",1328.57142857143,1480,1460,1525,1470,1440,1530,1560,1445,1405,1580
"..1525",1338.57142857143,1480,1460,1525,1470,1373.33333333333,1530,1560,1445,1405,1580
"..1526",1367.14285714286,1546.66666666667,1460,1475,1470,1576.66666666667,1530,1560,1445,1405,1580
"..1527",1318.57142857143,1433.33333333333,1413.33333333333,1425,1423.33333333333,1576.66666666667,1390,1560,1445,1405,1580
"..1528",1318.57142857143,1333.33333333333,1413.33333333333,1425,1423.33333333333,1576.66666666667,1390,1545,1390,1405,1580
"..1529",1317.14285714286,1333.33333333333,1413.33333333333,1425,1423.33333333333,1510,1390,1515,1590,1405,1580
"..1530",1331.42857142857,1500,1413.33333333333,1425,1423.33333333333,1510,1390,1515,1240,1405,1580
"..1531",1317.14285714286,1500,1413.33333333333,1425,1490,1510,1390,1485,1240,1385,1380
"..1532",1261.42857142857,1500,1413.33333333333,1425,1490,1510,1390,1485,1240,1485,1380
"..1533",1317.14285714286,1540,1453.33333333333,1600,1530,1510,1510,1485,1240,1485,1380
"..1534",1345.71428571429,1540,1476.66666666667,1525,1553.33333333333,1510,1580,1485,1240,1385,1380
"..1535",1345.71428571429,1373.33333333333,1476.66666666667,1500,1553.33333333333,1576.66666666667,1580,1485,1220,1385,1380
"..1536",1345.71428571429,1373.33333333333,1476.66666666667,1500,1553.33333333333,1576.66666666667,1580,1485,1420,1385,1380
"..1537",1217.14285714286,1373.33333333333,1476.66666666667,1175,1553.33333333333,1576.66666666667,1580,1485,1220,1385,1380
"..1538",1128.57142857143,1310,1283.33333333333,1155,1260,1143.33333333333,1580,1485,1155,1095,1150
"..1539",1138.57142857143,1440,1283.33333333333,1155,1260,1136.66666666667,1580,1485,1215,1095,1150
"..1540",1138.57142857143,1440,1283.33333333333,1155,1260,1136.66666666667,1580,1470,1215,1095,1150
"..1541",1210,1440,1283.33333333333,1125,1260,1136.66666666667,1580,1470,1215,1095,1150
"..1542",1287.14285714286,1440,1283.33333333333,1440,1260,1360,1580,1470,1215,1095,1480
"..1543",1317.14285714286,1440,1476.66666666667,1495,1453.33333333333,1360,1580,1485,1215,1385,1480
"..1544",1360,1506.66666666667,1426.66666666667,1470,1420,1553.33333333333,1580,1470,1215,1385,1480
"..1545",1360,1506.66666666667,1426.66666666667,1470,1420,1553.33333333333,1580,1470,1215,1385,1780
"..1546",1317.14285714286,1506.66666666667,1426.66666666667,1510,1420,1553.33333333333,1580,1470,1215,1405,1780
"..1547",1317.14285714286,1110,1163.33333333333,1495,1420,1553.33333333333,1580,1470,1215,1405,1780
"..1548",1317.14285714286,1110,1163.33333333333,1495,1420,1553.33333333333,1580,1470,1215,1405,1780
"..1549",1234.28571428571,1110,1163.33333333333,1495,1156.66666666667,1553.33333333333,790,1470,1185,1455,1780
"..1550",1191.42857142857,1110,1163.33333333333,1465,1156.66666666667,1553.33333333333,970,1470,1300,1455,1780
"..1551",1234.28571428571,1110,1163.33333333333,1465,1156.66666666667,1553.33333333333,790,1470,1300,1405,1780
"..1552",1180,1223.33333333333,1036.66666666667,1465,1030,1426.66666666667,790,1330,1300,1215,1350
"..1553",1180,1223.33333333333,1036.66666666667,1465,1030,1426.66666666667,790,1290,1300,1215,1350
"..1554",1165.71428571429,1223.33333333333,1036.66666666667,1465,1030,1426.66666666667,790,1290,1365,1215,1350
"..1555",1165.71428571429,1223.33333333333,1036.66666666667,1465,1030,1426.66666666667,790,1290,1365,1215,1350
"..1556",1122.85714285714,1223.33333333333,1036.66666666667,1415,1030,1426.66666666667,790,1290,1365,1215,1350
"..1557",1290,1320,1326.66666666667,1180,1386.66666666667,1253.33333333333,1480,1290,1365,1405,1080
"..1558",1290,1320,1326.66666666667,1180,1386.66666666667,1220,1480,1290,1365,1405,1080
"..1559",1358.57142857143,1453.33333333333,1393.33333333333,1180,1386.66666666667,1220,1545,1290,1325,1405,1330
"..1560",1307.14285714286,1453.33333333333,1393.33333333333,1180,1386.66666666667,1220,1545,1290,1325,1405,1330
"..1561",1307.14285714286,1453.33333333333,1393.33333333333,1180,1386.66666666667,1220,1545,1290,1325,1405,1330
"..1562",1402.85714285714,1386.66666666667,1393.33333333333,1380,1420,1386.66666666667,1545,1290,1325,1405,1465
"..1563",1410,1386.66666666667,1426.66666666667,1380,1420,1386.66666666667,1545,1380,1325,1405,1465
"..1564",1437.14285714286,1453.33333333333,1426.66666666667,1550,1420,1410,1560,1405,1325,1455,1465
"..1565",1437.14285714286,1453.33333333333,1426.66666666667,1550,1420,1410,1560,1565,1375,1520,1465
"..1566",1445.71428571429,1453.33333333333,1426.66666666667,1450,1420,1410,1560,1565,1375,1445,1465
"..1567",1345.71428571429,1453.33333333333,1293.33333333333,1550,1286.66666666667,1276.66666666667,1560,1565,1375,1320,1440
"..1568",1402.85714285714,1486.66666666667,1293.33333333333,1550,1286.66666666667,1276.66666666667,1560,1565,1405,1320,1505
"..1569",1417.14285714286,1486.66666666667,1293.33333333333,1605,1286.66666666667,1276.66666666667,1560,1670,1470,1320,1505
"..1570",1417.14285714286,1486.66666666667,1293.33333333333,1655,1286.66666666667,1276.66666666667,1560,1670,1475,1320,1505
"..1571",1335.71428571429,1486.66666666667,1293.33333333333,1570,1286.66666666667,1276.66666666667,1560,1670,1575,1320,1505
"..1572",1337.14285714286,1423.33333333333,1263.33333333333,1610,1256.66666666667,1253.33333333333,1465,1670,1600,1370,1745
"..1573",1337.14285714286,1423.33333333333,1263.33333333333,1610,1256.66666666667,1253.33333333333,1465,1670,1600,1370,1830
"..1574",1280,1423.33333333333,1263.33333333333,1610,1256.66666666667,1320,1510,1670,1600,1370,1830
"..1575",1322.85714285714,1423.33333333333,1263.33333333333,1610,1256.66666666667,1320,1510,1675,1600,1340,1870
"..1576",1280,1423.33333333333,1263.33333333333,1610,1256.66666666667,1320,1510,1675,1600,1340,1870
"..1577",1481.42857142857,1453.33333333333,1426.66666666667,1620,1486.66666666667,1453.33333333333,1655,1675,1600,1590,1880
"..1578",1481.42857142857,1453.33333333333,1366.66666666667,1620,1586.66666666667,1453.33333333333,1705,1675,1600,1590,1880
"..1579",1440,1456.66666666667,1463.33333333333,1620,1590,1453.33333333333,1710,1675,1600,1590,2095
"..1580",1468.57142857143,1456.66666666667,1463.33333333333,1620,1590,1453.33333333333,1710,1675,1590,1590,2105
"..1581",1465.71428571429,1456.66666666667,1430,1570,1456.66666666667,1320,1710,1695,1590,1390,1705
"..1582",1465.71428571429,1456.66666666667,1430,1570,1456.66666666667,1320,1710,1695,1590,1390,1705
"..1583",1465.71428571429,1456.66666666667,1430,1570,1456.66666666667,1343.33333333333,1710,1695,1665,1390,1705
"..1584",1465.71428571429,1320,1430,1570,1456.66666666667,1343.33333333333,1710,1695,1605,1390,1705
"..1585",1437.14285714286,1320,1430,1570,1456.66666666667,1343.33333333333,1750,1695,1605,1390,1705
"..1586",1504.28571428571,1453.33333333333,1530,1805,1590,1410,1850,1695,1605,1490,1905
"..1587",1504.28571428571,1453.33333333333,1530,1805,1590,1410,1850,1695,1605,1490,1905
"..1588",1504.28571428571,1590,1496.66666666667,1805,1590,1410,1850,1515,1605,1490,1905
"..1589",1561.42857142857,1590,1550,1805,1690,1476.66666666667,1850,1515,1605,1490,1905
"..1590",1425.71428571429,1590,1450,1380,1690,1293.33333333333,1850,1515,1605,1425,1905
"..1591",1410,1320,1246.66666666667,1380,1453.33333333333,1293.33333333333,1545,1515,1565,1490,1905
"..1592",1480,1483.33333333333,1376.66666666667,1380,1583.33333333333,1293.33333333333,1740,1515,1565,1490,1905
"..1593",1494.28571428571,1586.66666666667,1376.66666666667,1380,1583.33333333333,1293.33333333333,1740,1515,1590,1490,1905
"..1594",1395.71428571429,1553.33333333333,1446.66666666667,1380,1653.33333333333,1293.33333333333,1740,1515,1590,1490,1905
"..1595",1574.28571428571,1553.33333333333,1446.66666666667,1710,1653.33333333333,1510,1845,1515,1590,1590,1905
"..1596",1574.28571428571,1553.33333333333,1513.33333333333,1520,1653.33333333333,1510,1845,1515,1590,1590,1905
"..1597",1588.57142857143,1443.33333333333,1513.33333333333,1520,1653.33333333333,1510,1745,1515,1655,1590,1905
"..1598",1588.57142857143,1443.33333333333,1513.33333333333,1520,1653.33333333333,1510,1745,1515,1655,1590,1905
"..1599",1545.71428571429,1553.33333333333,1513.33333333333,1520,1653.33333333333,1393.33333333333,1745,1515,1655,1590,1905
"..1600",1531.42857142857,1686.66666666667,1480,1520,1686.66666666667,1393.33333333333,1745,1515,1655,1590,1905
"..1601",1560,1686.66666666667,1513.33333333333,1520,1686.66666666667,1393.33333333333,1745,1715,1655,1590,1905
"..1602",1602.85714285714,1586.66666666667,1580,1705,1620,1393.33333333333,1745,1715,1740,1590,1750
"..1603",1602.85714285714,1586.66666666667,1580,1705,1570,1393.33333333333,1670,1715,1740,1590,1750
"..1604",1471.42857142857,1403.33333333333,1536.66666666667,1580,1570,1223.33333333333,1670,1715,1790,1550,1750
"..1605",1517.14285714286,1403.33333333333,1536.66666666667,1580,1570,1223.33333333333,1670,1715,1740,1550,1950
"..1606",1595.71428571429,1400,1536.66666666667,1580,1570,1323.33333333333,1685,1715,1815,1550,1965
"..1607",1625.71428571429,1400,1570,1580,1570,1323.33333333333,1685,1955,1895,1550,2005
"..1608",1625.71428571429,1400,1570,1580,1570,1323.33333333333,1685,2025,1895,1550,2005
"..1609",1687.14285714286,1603.33333333333,1510,1680,1576.66666666667,1576.66666666667,1685,2025,1895,1490,2090
"..1610",1725.71428571429,1553.33333333333,1493.33333333333,1680,1576.66666666667,1576.66666666667,1685,2025,1895,1690,2090
"..1611",1725.71428571429,1670,1493.33333333333,1680,1636.66666666667,1510,1685,2035,1895,1690,2090
"..1612",1771.42857142857,1670,1493.33333333333,1715,1636.66666666667,1510,1685,2035,2105,1750,2345
"..1613",1771.42857142857,1670,1603.33333333333,1715,1636.66666666667,1510,1720,2140,2140,1750,2355
"..1614",1882.85714285714,1820,1833.33333333333,1715,1820,1510,1945,2125,2140,1750,2645
"..1615",1868.57142857143,1820,1833.33333333333,2040,1820,1620,1945,2125,2140,1800,2405
"..1616",1874.28571428571,1853.33333333333,1833.33333333333,2040,1820,1620,1945,1910,2005,1800,2405
"..1617",1874.28571428571,1853.33333333333,1933.33333333333,2040,1820,1620,2095,1910,2005,1855,2405
"..1618",1874.28571428571,1953.33333333333,1933.33333333333,2040,1820,1620,2095,1910,2005,1855,2405
"..1619",1874.28571428571,1953.33333333333,1933.33333333333,2040,1820,1620,2095,1910,2005,1855,2405
"..1620",1874.28571428571,1953.33333333333,1933.33333333333,2040,1820,1620,2095,1910,2005,1855,2405
"..1621",1901.42857142857,1850,1830,2040,1883.33333333333,1653.33333333333,1940,1860,2005,1940,2455
"..1622",1882.85714285714,1850,1830,2040,1916.66666666667,1653.33333333333,1940,1865,2005,1940,2455
"..1623",1915.71428571429,1850,1830,2040,1916.66666666667,1653.33333333333,1995,1865,2005,1940,2455
"..1624",1875.71428571429,1683.33333333333,1770,2040,1823.33333333333,1593.33333333333,2010,1865,2005,1800,2455
"..1625",1875.71428571429,1683.33333333333,1770,1930,1823.33333333333,1593.33333333333,2010,1865,2040,1800,2355
"..1626",1832.85714285714,1683.33333333333,1770,1930,1823.33333333333,1593.33333333333,2010,1865,2090,1800,2355
"..1627",1875.71428571429,1683.33333333333,1770,1930,1823.33333333333,1593.33333333333,2010,1865,2090,1800,2355
"..1628",1832.85714285714,1683.33333333333,1770,1930,1823.33333333333,1593.33333333333,2010,1865,2090,1800,2355
"..1629",1965.71428571429,1990,2003.33333333333,1935,2056.66666666667,1686.66666666667,2220,1865,2090,1940,2355
"..1630",1907.14285714286,1990,2003.33333333333,1930,2056.66666666667,1686.66666666667,2220,2020,2090,1940,2355
"..1631",1945.71428571429,1990,2070,1930,2056.66666666667,1686.66666666667,2015,2020,2090,1940,2355
"..1632",1945.71428571429,1990,2136.66666666667,1930,2056.66666666667,1810,2015,1965,2090,1940,2355
"..1633",1945.71428571429,1990,2070,1930,2056.66666666667,1810,2015,1965,2090,1940,2355
"..1634",1828.57142857143,1856.66666666667,2003.33333333333,1680,2056.66666666667,1793.33333333333,2015,1965,2090,1940,2240
"..1635",1808.57142857143,1856.66666666667,2003.33333333333,1680,2056.66666666667,1810,2015,1925,2090,1940,2005
"..1636",1808.57142857143,1853.33333333333,1850,1680,1920,1710,2000,1925,2005,1940,2240
"..1637",1808.57142857143,1853.33333333333,1850,1680,1920,1710,2000,1925,1955,1940,2240
"..1638",1751.42857142857,1853.33333333333,1850,1680,1920,1676.66666666667,2000,1925,1955,1940,2240
"..1639",1831.42857142857,1653.33333333333,1850,1915,1920,1810,2000,1755,1890,1915,2390
"..1640",1831.42857142857,1653.33333333333,1850,1915,1920,1793.33333333333,2000,1755,1890,1915,2205
"..1641",1831.42857142857,1636.66666666667,1850,1915,1903.33333333333,1793.33333333333,1975,1755,1955,1915,2205
"..1642",1824.28571428571,1636.66666666667,1833.33333333333,1915,1903.33333333333,1793.33333333333,1975,1755,1890,1830,2205
"..1643",1815.71428571429,1636.66666666667,1833.33333333333,1915,1903.33333333333,1793.33333333333,1975,1755,1890,1830,2205
"..1644",1717.14285714286,1516.66666666667,1603.33333333333,1915,1656.66666666667,1716.66666666667,1745,1755,1890,1715,2355
"..1645",1727.14285714286,1516.66666666667,1603.33333333333,1915,1656.66666666667,1650,1745,1755,1890,1715,2355
"..1646",1727.14285714286,1516.66666666667,1603.33333333333,1915,1656.66666666667,1683.33333333333,1745,1755,1955,1715,2355
"..1647",1712.85714285714,1516.66666666667,1603.33333333333,1915,1656.66666666667,1683.33333333333,1745,1785,1955,1715,2355
"..1648",1751.42857142857,1516.66666666667,1603.33333333333,1915,1656.66666666667,1683.33333333333,1745,1795,1955,1715,2355
"..1649",1751.42857142857,1550,1566.66666666667,1915,1733.33333333333,1593.33333333333,1745,2040,1840,1705,2180
"..1650",1751.42857142857,1550,1566.66666666667,1915,1733.33333333333,1593.33333333333,1745,2040,1840,1705,2180
"..1651",1751.42857142857,1550,1620,1915,1733.33333333333,1593.33333333333,1745,2040,1840,1705,2180
"..1652",1784.28571428571,1550,1680,1915,1733.33333333333,1593.33333333333,1745,1540,1840,1730,2265
"..1653",1727.14285714286,1823.33333333333,1953.33333333333,1715,1733.33333333333,1526.66666666667,1745,1540,1840,1730,2265
"..1654",1844.28571428571,1823.33333333333,1953.33333333333,1715,2006.66666666667,1543.33333333333,1745,2040,1840,1855,2405
"..1655",1792.85714285714,1636.66666666667,1833.33333333333,1775,1886.66666666667,1543.33333333333,1975,2040,1840,1855,2405
"..1656",1798.57142857143,1636.66666666667,1833.33333333333,1775,1886.66666666667,1543.33333333333,1975,2040,2140,1855,2405
"..1657",1812.85714285714,1636.66666666667,1833.33333333333,1775,1886.66666666667,1543.33333333333,1975,2040,2140,1855,2405
"..1658",1875.71428571429,1760,1923.33333333333,1990,1976.66666666667,1843.33333333333,2110,2040,2005,1855,2405
"..1659",1875.71428571429,1760,1923.33333333333,1975,1976.66666666667,1843.33333333333,2110,2040,2005,1855,2405
"..1660",1832.85714285714,1826.66666666667,1863.33333333333,1975,1876.66666666667,1843.33333333333,1960,2040,2005,1855,2405
"..1661",1787.14285714286,1826.66666666667,1863.33333333333,1975,1876.66666666667,1843.33333333333,1960,2040,2005,1855,2405
"..1662",1815.71428571429,1826.66666666667,1863.33333333333,1975,1876.66666666667,1843.33333333333,1960,2040,2005,1855,2405
"..1663",1698.57142857143,1860,1573.33333333333,1925,1626.66666666667,1376.66666666667,1960,2040,2005,1480,2405
"..1664",1712.85714285714,1826.66666666667,1573.33333333333,1925,1626.66666666667,1376.66666666667,1960,2040,2005,1480,2405
"..1665",1752.85714285714,1860,1573.33333333333,1925,1626.66666666667,1376.66666666667,1960,2040,1955,1490,2405
"..1666",1752.85714285714,1826.66666666667,1573.33333333333,1925,1626.66666666667,1543.33333333333,1960,2040,1955,1490,2405
"..1667",1752.85714285714,1826.66666666667,1573.33333333333,1925,1626.66666666667,1576.66666666667,1960,2040,1955,1490,2405
"..1668",1805.71428571429,1826.66666666667,1573.33333333333,1775,1850,1700,1960,2040,1955,1740,2405
"..1669",1805.71428571429,1826.66666666667,1806.66666666667,1775,1850,1700,1960,2040,1955,1740,2405
"..1670",1805.71428571429,1826.66666666667,1806.66666666667,1775,1850,1700,1960,2040,1955,1740,2405
"..1671",1805.71428571429,1826.66666666667,1806.66666666667,1775,1850,1700,1960,2040,1955,1740,2405
"..1672",1741.42857142857,1826.66666666667,1806.66666666667,1775,1850,1700,1960,2040,1970,1740,2105
"..1673",1751.42857142857,1560,1673.33333333333,1825,1716.66666666667,1706.66666666667,1760,2040,1970,1825,2105
"..1674",1814.28571428571,1560,1673.33333333333,1825,1716.66666666667,1906.66666666667,1795,2040,1970,1825,2105
"..1675",1751.42857142857,1693.33333333333,1643.33333333333,1825,1716.66666666667,2023.33333333333,1795,2040,1970,1825,2105
"..1676",1837.14285714286,1693.33333333333,1643.33333333333,1825,1723.33333333333,2023.33333333333,1795,2040,1970,1825,2105
"..1677",1791.42857142857,1826.66666666667,1800,1825,1853.33333333333,2020,1970,2040,1970,1995,2105
"..1678",1791.42857142857,1826.66666666667,1836.66666666667,1825,1853.33333333333,2020,1970,2040,1970,1995,2105
"..1679",1791.42857142857,1693.33333333333,1800,1825,1853.33333333333,2020,1970,2040,1970,1995,2295
"..1680",1708.57142857143,1693.33333333333,1606.66666666667,1825,1660,1553.33333333333,1970,2040,1970,1540,2295
"..1681",1655.71428571429,1693.33333333333,1606.66666666667,1825,1660,1553.33333333333,1970,2040,1970,1540,2295
"..1682",1640,1826.66666666667,1606.66666666667,1825,1660,1553.33333333333,1970,2040,1920,1540,2295
"..1683",1640,1813.33333333333,1593.33333333333,1825,1646.66666666667,1553.33333333333,1975,1870,1920,1485,2295
"..1684",1554.28571428571,1543.33333333333,1390,1975,1443.33333333333,1553.33333333333,1670,1640,1920,1485,2295
"..1685",1517.14285714286,1376.66666666667,1490,1975,1540,1650,1670,1640,1870,1685,2030
"..1686",1588.57142857143,1376.66666666667,1490,1975,1540,1616.66666666667,1670,1640,1815,1685,2030
"..1687",1502.85714285714,1376.66666666667,1490,1975,1540,1616.66666666667,1670,1625,1780,1685,2030
"..1688",1561.42857142857,1446.66666666667,1553.33333333333,1890,1606.66666666667,1756.66666666667,1725,1625,1730,1635,2315
"..1689",1552.85714285714,1446.66666666667,1553.33333333333,1890,1606.66666666667,1646.66666666667,1725,1625,1530,1635,2315
"..1690",1574.28571428571,1513.33333333333,1553.33333333333,1890,1606.66666666667,1786.66666666667,1725,1625,1745,1635,2315
"..1691",1598.57142857143,1513.33333333333,1553.33333333333,1960,1606.66666666667,1786.66666666667,1725,1625,1745,1635,2325
"..1692",1584.28571428571,1580,1553.33333333333,1805,1470,1650,1725,1625,1695,1635,2325
"..1693",1407.14285714286,1166.66666666667,1296.66666666667,1435,1316.66666666667,1283.33333333333,1545,1625,1695,1470,2325
"..1694",1407.14285714286,1166.66666666667,1296.66666666667,1435,1316.66666666667,1283.33333333333,1545,1635,1665,1470,2325
"..1695",1432.85714285714,1586.66666666667,1423.33333333333,1435,1443.33333333333,1283.33333333333,1735,1635,1665,1470,2325
"..1696",1432.85714285714,1586.66666666667,1423.33333333333,1435,1443.33333333333,1283.33333333333,1735,1635,1565,1470,2250
"..1697",1375.71428571429,1386.66666666667,1423.33333333333,1435,1443.33333333333,1393.33333333333,1735,1800,1565,1470,2250
"..1698",1434.28571428571,1386.66666666667,1533.33333333333,1775,1553.33333333333,1533.33333333333,1715,1800,1565,1655,2240
"..1699",1452.85714285714,1386.66666666667,1533.33333333333,1725,1553.33333333333,1533.33333333333,1715,1800,1545,1655,2150
"..1700",1505.71428571429,1373.33333333333,1533.33333333333,1535,1553.33333333333,1500,1715,1800,1600,1655,2150
"..1701",1505.71428571429,1373.33333333333,1533.33333333333,1535,1553.33333333333,1500,1715,1770,1570,1655,2150
"..1702",1562.85714285714,1373.33333333333,1533.33333333333,1535,1553.33333333333,1500,1715,1745,1550,1655,2150
"..1703",1467.14285714286,1373.33333333333,1276.66666666667,1695,1553.33333333333,1516.66666666667,1715,1695,1550,1320,1690
"..1704",1460,1356.66666666667,1260,1695,1536.66666666667,1516.66666666667,1715,1695,1550,1320,1690
"..1705",1422.85714285714,1490,1293.33333333333,1695,1313.33333333333,1276.66666666667,1690,1695,1495,1320,1690
"..1706",1394.28571428571,1490,1293.33333333333,1695,1313.33333333333,1276.66666666667,1690,1695,1495,1285,1690
"..1707",1294.28571428571,1490,1293.33333333333,1695,1313.33333333333,1276.66666666667,1690,1695,1495,1285,1690
"..1708",1400,1256.66666666667,1516.66666666667,1505,1536.66666666667,1500,1690,1695,1530,1620,2035
"..1709",1370,1256.66666666667,1516.66666666667,1505,1536.66666666667,1500,1690,1695,1565,1620,2035
"..1710",1390,1256.66666666667,1516.66666666667,1505,1536.66666666667,1500,1690,1695,1620,1620,2025
"..1711",1390,1256.66666666667,1516.66666666667,1505,1536.66666666667,1500,1690,1695,1620,1620,2025
"..1712",1390,1256.66666666667,1516.66666666667,1505,1536.66666666667,1500,1690,1695,1620,1620,2025
"..1713",1391.42857142857,1483.33333333333,1586.66666666667,1480,1530,1370,1680,1695,1440,1540,2030
"..1714",1417.14285714286,1483.33333333333,1456.66666666667,1480,1530,1370,1680,1695,1595,1540,2030
"..1715",1431.42857142857,1316.66666666667,1456.66666666667,1480,1530,1503.33333333333,1680,1740,1595,1650,2030
"..1716",1431.42857142857,1316.66666666667,1456.66666666667,1480,1530,1503.33333333333,1680,1740,1690,1650,1950
"..1717",1474.28571428571,1483.33333333333,1456.66666666667,1480,1530,1503.33333333333,1680,1740,1690,1650,1950
"..1718",1508.57142857143,1520,1336.66666666667,1730,1356.66666666667,1416.66666666667,1730,1565,1690,1310,1975
"..1719",1555.71428571429,1516.66666666667,1336.66666666667,1785,1356.66666666667,1416.66666666667,1730,1565,1690,1310,1975
"..1720",1598.57142857143,1516.66666666667,1336.66666666667,1785,1356.66666666667,1450,1730,1565,1690,1310,1975
"..1721",1612.85714285714,1516.66666666667,1336.66666666667,1785,1356.66666666667,1450,1730,1565,1690,1345,1975
"..1722",1551.42857142857,1516.66666666667,1336.66666666667,1785,1356.66666666667,1450,1730,1565,1690,1345,1975
"..1723",1665.71428571429,1390,1670,1610,1690,1776.66666666667,1740,1565,1690,1835,1985
"..1724",1665.71428571429,1390,1670,1670,1690,1776.66666666667,1740,1590,1690,1835,1985
"..1725",1665.71428571429,1523.33333333333,1670,1895,1690,1776.66666666667,1740,1920,1690,1835,1985
"..1726",1665.71428571429,1390,1670,1895,1690,1776.66666666667,1740,1920,1690,1835,1985
"..1727",1684.28571428571,1390,1670,1950,1690,1776.66666666667,1740,1935,1690,1835,1985
"..1728",1498.57142857143,1470,1483.33333333333,1950,1503.33333333333,1643.33333333333,1760,1935,1675,1535,1985
"..1729",1498.57142857143,1470,1483.33333333333,1850,1503.33333333333,1643.33333333333,1760,1935,1675,1535,1985
"..1730",1574.28571428571,1570,1483.33333333333,1850,1503.33333333333,1643.33333333333,1760,1935,1675,1535,1985
"..1731",1574.28571428571,1470,1483.33333333333,1850,1503.33333333333,1643.33333333333,1760,1935,1695,1535,1985
"..1732",1560,1470,1483.33333333333,1850,1503.33333333333,1576.66666666667,1760,1935,1695,1535,1985
"..1733",1680,1456.66666666667,1680,1915,1700,1576.66666666667,1790,1935,1695,1800,2030
"..1734",1645.71428571429,1456.66666666667,1680,1965,1700,1576.66666666667,1790,1935,1695,1800,2030
"..1735",1698.57142857143,1590,1680,2000,1723.33333333333,1576.66666666667,1790,1935,1740,1800,2030
"..1736",1741.42857142857,1456.66666666667,1680,2000,1723.33333333333,1753.33333333333,1790,1935,1770,1800,2030
"..1737",1741.42857142857,1456.66666666667,1680,2000,1700,1753.33333333333,1790,1935,1770,1800,2060
"..1738",1672.85714285714,1606.66666666667,1703.33333333333,1675,1723.33333333333,1576.66666666667,1815,1490,1725,1800,1920
"..1739",1674.28571428571,1606.66666666667,1703.33333333333,1675,1723.33333333333,1576.66666666667,1815,1490,1725,1800,1915
"..1740",1655.71428571429,1473.33333333333,1703.33333333333,2000,1723.33333333333,1576.66666666667,1815,1490,1725,1800,1815
"..1741",1722.85714285714,1423.33333333333,1726.66666666667,2000,1746.66666666667,1693.33333333333,1850,1490,1725,1800,1815
"..1742",1642.85714285714,1456.66666666667,1726.66666666667,2000,1683.33333333333,1630,1850,1490,1725,1715,1970
"..1743",1642.85714285714,1456.66666666667,1663.33333333333,1950,1683.33333333333,1630,1850,1465,1725,1715,1970
"..1744",1547.14285714286,1456.66666666667,1663.33333333333,1950,1683.33333333333,1630,1850,1680,1820,1715,1970
"..1745",1547.14285714286,1456.66666666667,1663.33333333333,1950,1683.33333333333,1630,1850,1680,1820,1715,1970
